1,267078259;2,006835938
1,267078259;1,916503906
1,267078259;1,677246094
1,257974161;1,501464844
1,257974161;1,403808594
1,239208038;1,34765625
1,239208038;1,328125
1,212204531;1,325683594
1,212204531;1,340332031
1,184172624;1,352539063
1,184172624;1,376953125
1,184172624;1,396484375
1,164281231;1,403808594
1,164281231;1,428222656
1,158251857;1,440429688
1,158251857;1,452636719
1,164271783;1,452636719
1,164271783;1,46484375
1,172606902;1,46484375
1,172606902;1,459960938
1,169503632;1,452636719
1,169503632;1,459960938
1,169503632;1,457519531
1,057814883;1,452636719
1,057814883;1,484375
1,0069724;1,538085938
1,0069724;1,599121094
0,939787641;1,640625
0,939787641;1,674804688
0,873603035;1,708984375
0,873603035;1,740722656
0,873603035;1,772460938
0,827245577;1,784667969
0,827245577;1,796875
0,812534405;1,818847656
0,812534405;1,818847656
0,828278854;1,823730469
0,828278854;1,821289063
0,859746887;1,823730469
0,859746887;1,818847656
0,884217803;1,809082031
0,884217803;1,804199219
0,884217803;1,809082031
0,880461957;1,804199219
0,880461957;1,806640625
1,153998679;1,801757813
1,153998679;1,701660156
1,078493259;1,606445313
1,078493259;1,58203125
0,989541228;1,586914063
0,989541228;1,611328125
0,989541228;1,650390625
0,913153489;1,672363281
0,913153489;1,69921875
0,870870149;1,730957031
0,870870149;1,760253906
0,870676926;1,779785156
0,870676926;1,784667969
0,903587081;1,796875
0,903587081;1,784667969
0,94740294;1,784667969
0,94740294;1,770019531
0,94740294;1,762695313
0,97604976;1,7578125
0,97604976;1,750488281
0,970457726;1,73828125
0,970457726;1,735839844
0,926542921;1,735839844
0,926542921;1,740722656
0,855736123;1,7578125
0,855736123;1,770019531
0,855736123;1,789550781
0,780855101;1,794433594
0,780855101;1,806640625
0,725515479;1,831054688
0,725515479;1,843261719
0,704614267;1,857910156
0,704614267;1,872558594
0,718739495;1,877441406
0,718739495;1,879882813
0,754907754;1,875
0,754907754;1,872558594
0,754907754;1,870117188
0,79296639;1,865234375
0,79296639;1,857910156
0,814560986;1,85546875
0,814560986;1,850585938
0,810618921;1,848144531
0,810618921;1,848144531
0,911899183;1,848144531
0,911899183;1,818847656
0,911899183;1,809082031
0,875534293;1,794433594
0,875534293;1,799316406
0,844686891;1,806640625
0,844686891;1,813964844
0,830636488;1,826171875
0,830636488;1,821289063
0,836072305;1,826171875
0,836072305;1,828613281
0,855188149;1,826171875
0,855188149;1,826171875
0,855188149;1,818847656
0,877797925;1,821289063
0,877797925;1,811523438
0,895091663;1,811523438
0,895091663;1,806640625
0,904013322;1,804199219
0,904013322;1,796875
0,908122701;1,799316406
0,908122701;1,791992188
0,908122701;1,794433594
0,63912025;1,794433594
0,63912025;1,840820313
0,654342167;1,875
0,654342167;1,899414063
0,679052512;1,911621094
0,679052512;1,916503906
0,707777027;1,918945313
0,707777027;1,906738281
0,731438418;1,906738281
0,731438418;1,901855469
0,731438418;1,899414063
0,742522442;1,896972656
0,742522442;1,892089844
0,739953073;1,896972656
0,739953073;1,89453125
0,730944503;1,89453125
0,730944503;1,896972656
0,728517721;1,89453125
0,728517721;1,901855469
0,728517721;1,896972656
0,745547755;1,892089844
0,745547755;1,892089844
0,856032294;1,896972656
0,856032294;1,865234375
0,919175058;1,848144531
0,919175058;1,821289063
0,987949757;1,806640625
0,987949757;1,767578125
1,043073294;1,748046875
1,043073294;1,706542969
1,043073294;1,689453125
1,06940009;1,677246094
1,06940009;1,657714844
1,063213168;1,643066406
1,063213168;1,640625
1,034870903;1,640625
1,034870903;1,647949219
1,005262215;1,655273438
1,005262215;1,669921875
1,005262215;1,677246094
0,997298647;1,6796875
0,997298647;1,684570313
1,026009787;1,687011719
1,026009787;1,684570313
1,247382343;1,6796875
1,247382343;1,564941406
1,334500837;1,462402344
1,334500837;1,337890625
1,41816178;1,252441406
1,41816178;1,127929688
1,41816178;1,03515625
1,47405214;0,991210938
1,47405214;0,905761719
1,488730575;0,847167969
1,488730575;0,798339844
1,46534095;0,771484375
1,46534095;0,773925781
1,422325065;0,776367188
1,422325065;0,808105469
1,422325065;0,83984375
1,385665194;0,859375
1,385665194;0,8984375
1,37799966;0,925292969
1,37799966;0,949707031
1,409292082;0,964355469
1,409292082;0,949707031
1,074814045;0,939941406
1,074814045;1,135253906
1,151129959;1,337890625
1,151129959;1,42578125
1,151129959;1,459960938
1,215578681;1,481933594
1,215578681;1,450195313
1,249311691;1,423339844
1,249311691;1,374511719
1,246507024;1,352539063
1,246507024;1,337890625
1,215908422;1,333007813
1,215908422;1,342773438
1,215908422;1,34765625
1,176144107;1,357421875
1,176144107;1,384277344
1,147201921;1,403808594
1,147201921;1,435546875
1,14198922;1,459960938
1,14198922;1,474609375
1,161635434;1,484375
1,161635434;1,477050781
1,205748325;1,472167969
1,205748325;1,450195313
1,205748325;1,428222656
1,240140715;1,420898438
1,240140715;1,389160156
1,260825168;1,369628906
1,260825168;1,350097656
1,261891126;1,325683594
1,261891126;1,318359375
1,246485564;1,315917969
1,246485564;1,318359375
1,246485564;1,315917969
1,223903761;1,313476563
1,223903761;1,330566406
1,20406144;1,340332031
1,20406144;1,357421875
1,192320332;1,362304688
1,192320332;1,384277344
1,187267685;1,389160156
1,187267685;1,401367188
1,182401933;1,401367188
1,182401933;1,408691406
1,182401933;1,418457031
1,408729237;1,413574219
1,408729237;1,26953125
1,387000987;1,120605469
1,387000987;1,052246094
1,358732527;1,013183594
1,358732527;1,015625
1,332257924;1,027832031
1,332257924;1,0546875
1,332257924;1,07421875
1,316267664;1,083984375
1,316267664;1,103515625
1,314489614;1,118164063
1,314489614;1,125488281
1,32253835;1,1328125
1,32253835;1,135253906
1,328872286;1,1328125
1,328872286;1,130371094
1,319772902;1,127929688
1,319772902;1,125488281
1,319772902;1,123046875
1,286159068;1,1328125
1,286159068;1,154785156
1,299652027;1,179199219
1,299652027;1,186523438
1,230702313;1,19140625
1,230702313;1,218261719
1,168716141;1,26953125
1,168716141;1,323242188
1,168716141;1,381835938
1,131249337;1,411132813
1,131249337;1,4453125
1,126591192;1,469726563
1,126591192;1,489257813
1,149197772;1,496582031
1,149197772;1,496582031
1,181075945;1,491699219
1,181075945;1,474609375
1,198873059;1,459960938
1,198873059;1,440429688
1,198873059;1,42578125
1,183790949;1,418457031
1,183790949;1,42578125
1,130017321;1,430664063
1,130017321;1,450195313
0,71612864;1,479492188
0,71612864;1,652832031
0,628235275;1,779785156
0,628235275;1,860351563
0,628235275;1,899414063
0,560419681;1,93359375
0,560419681;1,950683594
0,53086318;1,955566406
0,53086318;1,965332031
0,542425676;1,967773438
0,542425676;1,970214844
0,581392303;1,967773438
0,581392303;1,962890625
0,623235638;1,965332031
0,623235638;1,958007813
0,623235638;1,950683594
0,642916207;1,948242188
0,642916207;1,948242188
0,625283446;1,945800781
0,625283446;1,948242188
0,571136358;1,940917969
0,571136358;1,950683594
0,684303822;1,955566406
0,684303822;1,938476563
0,684303822;1,931152344
0,613098385;1,923828125
0,613098385;1,931152344
0,567252792;1,93359375
0,567252792;1,945800781
0,557633375;1,950683594
0,557633375;1,953125
0,580325593;1,953125
0,580325593;1,953125
0,619295287;1,948242188
0,619295287;1,943359375
0,619295287;1,945800781
0,653977901;1,943359375
0,653977901;1,93359375
0,668216811;1,936035156
0,668216811;1,93359375
0,656586242;1,928710938
0,656586242;1,931152344
0,625537035;1,928710938
0,625537035;1,93359375
0,625537035;1,940917969
0,430993049;1,936035156
0,430993049;1,955566406
0,40440443;1,970214844
0,40440443;1,982421875
0,396427434;1,982421875
0,396427434;1,984863281
0,406944128;1,989746094
0,406944128;1,987304688
0,428247834;1,989746094
0,428247834;1,979980469
0,428247834;1,987304688
0,449968458;1,982421875
0,449968458;1,977539063
0,464716484;1,982421875
0,464716484;1,975097656
0,471542779;1,977539063
0,471542779;1,982421875
0,475587997;1,975097656
0,475587997;1,977539063
0,475587997;1,977539063
0,48433674;1,979980469
0,48433674;1,977539063
0,677979599;1,970214844
0,677979599;1,950683594
0,704738983;1,936035156
0,704738983;1,926269531
0,732923397;1,921386719
0,732923397;1,9140625
0,75333799;1,9140625
0,75333799;1,904296875
0,75333799;1,901855469
0,760003192;1,901855469
0,760003192;1,89453125
0,75435907;1,89453125
0,75435907;1,89453125
0,745844117;1,89453125
0,745844117;1,89453125
0,748163671;1,899414063
0,748163671;1,89453125
0,748163671;1,89453125
0,772765626;1,901855469
0,772765626;1,892089844
0,822605498;1,889648438
0,822605498;1,872558594
1,024036478;1,862792969
1,024036478;1,794433594
1,090681999;1,735839844
1,090681999;1,677246094
1,138241345;1,643066406
1,138241345;1,594238281
1,138241345;1,567382813
1,154428588;1,547851563
1,154428588;1,533203125
1,139803444;1,525878906
1,139803444;1,5234375
1,108577506;1,518554688
1,108577506;1,525878906
1,083303188;1,547851563
1,083303188;1,557617188
1,083303188;1,569824219
1,085489972;1,569824219
1,085489972;1,58203125
1,126156294;1,577148438
1,126156294;1,5625
1,200533029;1,550292969
1,200533029;1,50390625
1,240533603;1,462402344
1,240533603;1,416015625
1,317999912;1,38671875
1,317999912;1,306152344
1,317999912;1,247558594
1,362076261;1,2109375
1,362076261;1,154785156
1,364056202;1,11328125
1,364056202;1,09375
1,332206428;1,07421875
1,332206428;1,083984375
1,288310136;1,096191406
1,288310136;1,1328125
1,288310136;1,164550781
1,258506395;1,181640625
1,258506395;1,213378906
1,262375179;1,240234375
1,262375179;1,252441406
1,304949401;1,262207031
1,304949401;1,240234375
1,375009382;1,225585938
1,375009382;1,147460938
1,620968996;1,091308594
1,620968996;0,859375
1,620968996;0,651855469
1,677575926;0,556640625
1,677575926;0,471191406
1,700119045;0,444335938
1,700119045;0,400390625
1,68734702;0,400390625
1,68734702;0,397949219
1,651746903;0,395507813
1,651746903;0,439453125
1,651746903;0,446777344
1,613339978;0,44921875
1,613339978;0,46875
1,590742265;0,476074219
1,590742265;0,502929688
1,593536489;0,5078125
1,593536489;0,510253906
1,619178362;0,515136719
1,619178362;0,498046875
1,655436437;0,493164063
1,655436437;0,461425781
1,655436437;0,454101563
1,644682141;0,454101563
1,644682141;0,454101563
1,659598969;0,451660156
1,659598969;0,446777344
1,654951682;0,446777344
1,654951682;0,446777344
1,636235776;0,446777344
1,636235776;0,454101563
1,636235776;0,461425781
1,613564571;0,461425781
1,613564571;0,473632813
1,595920944;0,480957031
1,595920944;0,493164063
1,586662406;0,502929688
1,586662406;0,510253906
1,582483706;0,515136719
1,582483706;0,517578125
1,576156031;0,524902344
1,576156031;0,529785156
1,576156031;0,52734375
1,561380635;0,532226563
1,561380635;0,541992188
1,377395865;0,549316406
1,377395865;0,64453125
1,348666797;0,769042969
1,348666797;0,886230469
1,324592456;0,959472656
1,324592456;1,018066406
1,324592456;1,059570313
1,312871695;1,081542969
1,312871695;1,101074219
1,31493305;1,115722656
1,31493305;1,120605469
1,323907339;1,127929688
1,323907339;1,125488281
1,326921769;1,125488281
1,326921769;1,120605469
1,310947139;1,115722656
1,310947139;1,130371094
1,310947139;1,1328125
1,26952567;1,137695313
1,26952567;1,171875
1,207035295;1,201171875
1,207035295;1,25
0,920623307;1,301269531
0,920623307;1,46484375
0,864518171;1,611328125
0,864518171;1,696777344
0,864518171;1,755371094
0,836742127;1,789550781
0,836742127;1,81640625
0,841614918;1,828613281
0,841614918;1,831054688
0,869368903;1,831054688
0,869368903;1,833496094
0,899426184;1,823730469
0,899426184;1,81640625
0,908750078;1,809082031
0,908750078;1,804199219
0,908750078;1,799316406
0,881781284;1,791992188
0,881781284;1,801757813
0,817586806;1,804199219
0,817586806;1,813964844
0,73092767;1,828613281
0,73092767;1,838378906
0,927534245;1,85546875
0,927534245;1,821289063
0,927534245;1,796875
0,870027619;1,787109375
0,870027619;1,789550781
0,853471503;1,804199219
0,853471503;1,804199219
0,87547992;1,809082031
0,87547992;1,804199219
0,918160624;1,804199219
0,918160624;1,791992188
0,955641029;1,784667969
0,955641029;1,772460938
0,955641029;1,762695313
0,964910807;1,752929688
0,964910807;1,748046875
0,935317083;1,745605469
0,935317083;1,755371094
0,87268189;1,7578125
0,87268189;1,772460938
0,796402036;1,787109375
0,796402036;1,806640625
0,796402036;1,821289063
0,61199879;1,826171875
0,61199879;1,862792969
0,576678837;1,899414063
0,576678837;1,921386719
0,577959462;1,93359375
0,577959462;1,938476563
0,607680729;1,948242188
0,607680729;1,938476563
0,647485565;1,943359375
0,647485565;1,93359375
0,647485565;1,926269531
0,677252776;1,928710938
0,677252776;1,926269531
0,68362665;1,918945313
0,68362665;1,921386719
0,664934603;1,916503906
0,664934603;1,921386719
0,630620067;1,921386719
0,630620067;1,923828125
0,630620067;1,926269531
0,595893894;1,931152344
0,595893894;1,936035156
0,717008853;1,936035156
0,717008853;1,911621094
0,715082928;1,906738281
0,715082928;1,904296875
0,729931353;1,904296875
0,729931353;1,901855469
0,752422526;1,901855469
0,752422526;1,892089844
0,752422526;1,892089844
0,772545508;1,892089844
0,772545508;1,882324219
0,784663004;1,879882813
0,784663004;1,877441406
0,789897221;1,877441406
0,789897221;1,872558594
0,794607202;1,870117188
0,794607202;1,867675781
0,794607202;1,872558594
0,805987139;1,872558594
0,805987139;1,862792969
0,827301656;1,867675781
0,827301656;1,862792969
0,959999543;1,853027344
0,959999543;1,806640625
0,986753774;1,772460938
0,986753774;1,755371094
1,003337323;1,735839844
1,003337323;1,728515625
1,003337323;1,721191406
1,005712008;1,713867188
1,005712008;1,708984375
0,997892705;1,706542969
0,997892705;1,708984375
0,991186221;1,711425781
0,991186221;1,711425781
0,999356498;1,711425781
0,999356498;1,711425781
0,999356498;1,713867188
1,031824386;1,706542969
1,031824386;1,691894531
1,088193056;1,691894531
1,088193056;1,652832031
1,156995195;1,625976563
1,156995195;1,579589844
1,145636607;1,545410156
1,145636607;1,520996094
1,184450419;1,511230469
1,184450419;1,489257813
1,184450419;1,474609375
1,190543443;1,462402344
1,190543443;1,455078125
1,168832176;1,450195313
1,168832176;1,452636719
1,136875662;1,457519531
1,136875662;1,484375
1,11799312;1,494140625
1,11799312;1,508789063
1,11799312;1,518554688
1,131387727;1,528320313
1,131387727;1,5234375
1,183558696;1,520996094
1,183558696;1,491699219
1,264884695;1,479492188
1,264884695;1,408691406
1,353085806;1,357421875
1,353085806;1,257324219
1,172387692;1,179199219
1,172387692;1,23046875
1,172387692;1,311035156
1,203818024;1,376953125
1,203818024;1,396484375
1,193888822;1,403808594
1,193888822;1,416015625
1,155659315;1,416015625
1,155659315;1,437988281
1,113378441;1,455078125
1,113378441;1,481933594
1,113378441;1,513671875
1,092298909;1,530761719
1,092298909;1,550292969
1,108179474;1,552734375
1,108179474;1,552734375
1,160960528;1,557617188
1,160960528;1,528320313
1,235228748;1,516113281
1,235228748;1,450195313
1,307101259;1,40625
1,307101259;1,335449219
1,307101259;1,271972656
1,246902531;1,240234375
1,246902531;1,25
1,258143851;1,276855469
1,258143851;1,2890625
1,236604466;1,2890625
1,236604466;1,306152344
1,197919027;1,315917969
1,197919027;1,340332031
1,197919027;1,3671875
1,16264587;1,381835938
1,16264587;1,413574219
1,147300547;1,433105469
1,147300547;1,452636719
1,157848037;1,467285156
1,157848037;1,472167969
1,188307417;1,474609375
1,188307417;1,459960938
1,224670595;1,450195313
1,224670595;1,423339844
1,224670595;1,408691406
1,251934963;1,391601563
1,251934963;1,3671875
1,605106032;1,350097656
1,605106032;1,096191406
1,595283329;0,793457031
1,595283329;0,642089844
1,574234601;0,571289063
1,574234601;0,559082031
1,574234601;0,551757813
1,5523375;0,556640625
1,5523375;0,568847656
1,53721032;0,576171875
1,53721032;0,590820313
1,530108185;0,595703125
1,530108185;0,607910156
1,526098928;0,612792969
1,526098928;0,615234375
1,517695492;0,617675781
1,517695492;0,627441406
1,517695492;0,632324219
1,499821854;0,632324219
1,499821854;0,654296875
1,473320854;0,6640625
1,473320854;0,688476563
1,241078896;0,708007813
1,241078896;0,864257813
1,22015345;1,03515625
1,22015345;1,176757813
1,22015345;1,252441406
1,212849736;1,301269531
1,212849736;1,335449219
1,218099088;1,350097656
1,218099088;1,364746094
1,226766136;1,369628906
1,226766136;1,369628906
1,225206987;1,3671875
1,225206987;1,369628906
1,201728315;1,3671875
1,201728315;1,379394531
1,201728315;1,384277344
1,152907565;1,38671875
1,152907565;1,413574219
1,086551476;1,4453125
1,086551476;1,477050781
1,01948329;1,525878906
1,01948329;1,564941406
1,122949156;1,613769531
1,122949156;1,586914063
1,122949156;1,567382813
1,105284903;1,552734375
1,105284903;1,560058594
1,118762241;1,557617188
1,118762241;1,552734375
1,149700683;1,547851563
1,149700683;1,528320313
1,175735011;1,518554688
1,175735011;1,494140625
1,175094979;1,474609375
1,175094979;1,467285156
1,175094979;1,459960938
1,136145154;1,455078125
1,136145154;1,46484375
1,062935673;1,481933594
1,062935673;1,516113281
0,974142731;1,550292969
0,974142731;1,591796875
0,895642077;1,645507813
0,895642077;1,689453125
0,895642077;1,728515625
0,911676224;1,750488281
0,911676224;1,7578125
0,907892921;1,765136719
0,907892921;1,765136719
0,938638443;1,765136719
0,938638443;1,760253906
0,98256254;1,7578125
0,98256254;1,745605469
1,013483813;1,730957031
1,013483813;1,711425781
1,013483813;1,69921875
1,011328218;1,694335938
1,011328218;1,687011719
0,970333099;1,684570313
0,970333099;1,69921875
0,901064921;1,706542969
0,901064921;1,723632813
0,825534451;1,740722656
0,825534451;1,767578125
0,825534451;1,789550781
0,767691194;1,804199219
0,767691194;1,81640625
0,860821961;1,8359375
0,860821961;1,813964844
0,872215463;1,81640625
0,872215463;1,804199219
0,907207023;1,806640625
0,907207023;1,791992188
0,94592478;1,787109375
0,94592478;1,770019531
0,94592478;1,762695313
0,969506481;1,762695313
0,969506481;1,748046875
0,967865469;1,73828125
0,967865469;1,73828125
0,943024572;1,73828125
0,943024572;1,743164063
0,906904633;1,745605469
0,906904633;1,762695313
0,906904633;1,767578125
0,875014303;1,767578125
0,875014303;1,779785156
0,859237078;1,787109375
0,859237078;1,794433594
0,55023511;1,796875
0,55023511;1,857910156
0,568530441;1,901855469
0,568530441;1,936035156
0,591244854;1,945800781
0,591244854;1,948242188
0,591244854;1,945800781
0,609231676;1,948242188
0,609231676;1,948242188
0,618833992;1,950683594
0,618833992;1,938476563
0,623096898;1,943359375
0,623096898;1,943359375
0,62917226;1,943359375
0,62917226;1,940917969
0,62917226;1,936035156
0,643503568;1,940917969
0,643503568;1,940917969
0,667514054;1,936035156
0,667514054;1,936035156
0,696229276;1,931152344
0,696229276;1,921386719
0,661550861;1,918945313
0,661550861;1,923828125
0,673905224;1,931152344
0,673905224;1,923828125
0,673905224;1,921386719
0,672365609;1,923828125
0,672365609;1,921386719
0,663451604;1,921386719
0,663451604;1,921386719
0,659875992;1,921386719
0,659875992;1,926269531
0,674808502;1,926269531
0,674808502;1,923828125
0,674808502;1,918945313
0,715115458;1,918945313
0,715115458;1,911621094
0,776924076;1,909179688
0,776924076;1,901855469
0,845970616;1,887207031
0,845970616;1,867675781
0,903025962;1,850585938
0,903025962;1,828613281
1,29999806;1,813964844
1,29999806;1,657714844
1,29999806;1,459960938
1,29645892;1,34765625
1,29645892;1,286621094
1,269334604;1,242675781
1,269334604;1,240234375
1,238875168;1,245117188
1,238875168;1,26953125
1,228222393;1,286621094
1,228222393;1,301269531
1,228222393;1,311035156
1,253450841;1,320800781
1,253450841;1,311035156
1,316212092;1,301269531
1,316212092;1,252441406
1,402362061;1,213378906
1,402362061;1,118164063
1,48739255;1,042480469
1,48739255;0,920410156
1,546487061;0,834960938
1,546487061;0,732421875
1,546487061;0,666503906
1,434980713;0,634765625
1,434980713;0,656738281
1,414389538;0,734863281
1,414389538;0,798339844
1,372096115;0,834960938
1,372096115;0,888671875
1,333841484;0,9375
1,333841484;0,991210938
1,333841484;1,032714844
1,322988851;1,062011719
1,322988851;1,081542969
1,350872071;1,09375
1,350872071;1,079101563
1,412384749;1,07421875
1,412384749;1,018066406
1,488579244;0,9765625
1,488579244;0,876464844
1,554978653;0,808105469
1,554978653;0,712890625
1,554978653;0,654296875
1,591872667;0,625
1,591872667;0,573730469
1,607480417;0,554199219
1,607480417;0,529785156
1,578673584;0,517578125
1,578673584;0,532226563
1,538868762;0,539550781
1,538868762;0,568847656
1,538868762;0,5859375
1,508303297;0,595703125
1,508303297;0,622558594
1,500771389;0,642089844
1,500771389;0,654296875
1,518490003;0,666503906
1,518490003;0,661621094
1,552420144;0,659179688
1,552420144;0,625
1,587452587;0,60546875
1,587452587;0,573730469
1,587452587;0,554199219
1,609716912;0,541992188
1,609716912;0,520019531
1,612508686;0,510253906
1,612508686;0,505371094
1,547317452;0,502929688
1,547317452;0,534667969
1,52493726;0,563964844
1,52493726;0,595703125
1,52493726;0,607910156
1,504544973;0,615234375
1,504544973;0,637207031
1,49204864;0,649414063
1,49204864;0,661621094
1,486619733;0,671386719
1,486619733;0,688476563
1,482050721;0,695800781
1,482050721;0,698242188
1,471076054;0,700683594
1,471076054;0,715332031
1,471076054;0,725097656
1,450181543;0,732421875
1,450181543;0,751953125
1,422201162;0,764160156
1,422201162;0,803222656
1,395185308;0,827636719
1,395185308;0,859375
1,088600545;0,888671875
1,088600545;1,098632813
1,088600545;1,293945313
1,085621307;1,428222656
1,085621307;1,499023438
1,093188391;1,547851563
1,093188391;1,572265625
1,100239521;1,574707031
1,100239521;1,577148438
1,092979105;1,584472656
1,092979105;1,579589844
1,061657707;1,58203125
1,061657707;1,596679688
1,061657707;1,608886719
1,006174951;1,613769531
1,006174951;1,633300781
0,937557713;1,647949219
0,937557713;1,6796875
0,874174232;1,704101563
0,874174232;1,73828125
0,834031392;1,765136719
0,834031392;1,782226563
0,834031392;1,801757813
1,105968178;1,804199219
1,105968178;1,723632813
1,126748861;1,640625
1,126748861;1,589355469
1,15873674;1,5625
1,15873674;1,528320313
1,178665945;1,508789063
1,178665945;1,486816406
1,166945629;1,472167969
1,166945629;1,46484375
1,166945629;1,459960938
1,116396591;1,459960938
1,116396591;1,477050781
1,035952487;1,499023438
1,035952487;1,530761719
0,947495778;1,577148438
0,947495778;1,625976563
0,877000259;1,669921875
0,877000259;1,713867188
0,877000259;1,748046875
0,843703388;1,767578125
0,843703388;1,77734375
0,978509201;1,789550781
0,978509201;1,760253906
1,015952754;1,740722656
1,015952754;1,706542969
1,058620333;1,694335938
1,058620333;1,669921875
1,081067144;1,650390625
1,081067144;1,630859375
1,081067144;1,618652344
1,066938976;1,613769531
1,066938976;1,613769531
1,015555069;1,611328125
1,015555069;1,628417969
0,94175802;1,645507813
0,94175802;1,667480469
0,869263048;1,69921875
0,869263048;1,723632813
0,869263048;1,752929688
0,820540591;1,772460938
0,820540591;1,794433594
0,807670593;1,801757813
0,807670593;1,811523438
0,522026922;1,813964844
0,522026922;1,872558594
0,560386644;1,918945313
0,560386644;1,938476563
0,596217162;1,950683594
0,596217162;1,950683594
0,596217162;1,948242188
0,612657085;1,943359375
0,612657085;1,948242188
0,603204973;1,948242188
0,603204973;1,950683594
0,573363837;1,945800781
0,573363837;1,953125
0,536925046;1,950683594
0,536925046;1,958007813
0,536925046;1,960449219
0,509003557;1,960449219
0,509003557;1,965332031
0,499256104;1,967773438
0,499256104;1,967773438
0,50836949;1,970214844
0,50836949;1,965332031
0,610992822;1,962890625
0,610992822;1,955566406
0,633050985;1,945800781
0,633050985;1,940917969
0,633050985;1,938476563
0,648554919;1,940917969
0,648554919;1,93359375
0,655943108;1,931152344
0,655943108;1,936035156
0,65993181;1,93359375
0,65993181;1,931152344
0,668000409;1,926269531
0,668000409;1,923828125
0,668000409;1,926269531
0,685425069;1,926269531
0,685425069;1,921386719
0,711653844;1,921386719
0,711653844;1,916503906
0,740086866;1,9140625
0,740086866;1,904296875
0,761510313;1,901855469
0,761510313;1,89453125
0,934496158;1,89453125
0,934496158;1,840820313
0,934496158;1,806640625
0,929659923;1,789550781
0,929659923;1,779785156
0,920868388;1,774902344
0,920868388;1,767578125
0,921690935;1,765136719
0,921690935;1,770019531
0,944053489;1,767578125
0,944053489;1,760253906
0,944053489;1,7578125
0,991839589;1,760253906
0,991839589;1,743164063
1,057730325;1,728515625
1,057730325;1,694335938
1,125182728;1,667480469
1,125182728;1,623535156
1,175070151;1,589355469
1,175070151;1,540527344
1,194211084;1,508789063
1,194211084;1,477050781
1,194211084;1,459960938
1,037527474;1,447753906
1,037527474;1,494140625
1,006921547;1,557617188
1,006921547;1,613769531
0,980171121;1,643066406
0,980171121;1,672363281
0,979287954;1,687011719
0,979287954;1,696777344
0,979287954;1,701660156
1,016513241;1,704101563
1,016513241;1,691894531
1,088517931;1,689453125
1,088517931;1,655273438
1,177153124;1,628417969
1,177153124;1,5625
1,256643093;1,518554688
1,256643093;1,4453125
1,304251386;1,394042969
1,304251386;1,318359375
1,304251386;1,267089844
1,309853232;1,245117188
1,309853232;1,228027344
1,160276295;1,2109375
1,160276295;1,262207031
1,116377107;1,335449219
1,116377107;1,42578125
1,084378686;1,479492188
1,084378686;1,520996094
1,084378686;1,552734375
1,084832626;1,564941406
1,084832626;1,572265625
1,124227282;1,574707031
1,124227282;1,5625
1,192659282;1,560058594
1,192659282;1,511230469
1,268442329;1,479492188
1,268442329;1,401367188
1,327489859;1,352539063
1,327489859;1,276855469
1,327489859;1,223144531
1,353308422;1,19140625
1,353308422;1,15234375
1,34331774;1,130371094
1,34331774;1,118164063
1,32754106;1,108398438
1,32754106;1,11328125
1,288550426;1,120605469
1,288550426;1,149902344
1,288550426;1,179199219
1,264004889;1,193847656
1,264004889;1,218261719
1,26448837;1,242675781
1,26448837;1,252441406
1,28850405;1,254882813
1,28850405;1,247558594
1,324454494;1,240234375
1,324454494;1,208496094
1,356830759;1,19140625
1,356830759;1,147460938
1,356830759;1,115722656
1,373461519;1,098632813
1,373461519;1,079101563
1,370424752;1,059570313
1,370424752;1,052246094
1,352570467;1,044921875
1,352570467;1,057128906
1,372010474;1,057128906
1,372010474;1,049804688
1,372010474;1,044921875
1,353687764;1,044921875
1,353687764;1,052246094
1,343735299;1,0546875
1,343735299;1,066894531
1,339373457;1,071777344
1,339373457;1,079101563
1,333537143;1,081542969
1,333537143;1,088867188
1,319646917;1,096191406
1,319646917;1,108398438
1,319646917;1,118164063
1,296001735;1,123046875
1,296001735;1,149902344
1,267318615;1,169433594
1,267318615;1,198730469
1,242466166;1,218261719
1,242466166;1,252441406
1,229482041;1,276855469
1,229482041;1,301269531
1,229482041;1,30859375
1,134108011;1,315917969
1,134108011;1,350097656
1,142936059;1,413574219
1,142936059;1,450195313
1,147046111;1,477050781
1,147046111;1,484375
1,133141613;1,491699219
1,133141613;1,501464844
1,09395674;1,506347656
1,09395674;1,5234375
1,09395674;1,547851563
1,032858502;1,550292969
1,032858502;1,572265625
0,96373424;1,604003906
0,96373424;1,635742188
0,90576076;1,677246094
0,90576076;1,713867188
0,875114109;1,73828125
0,875114109;1,760253906
0,875114109;1,770019531
0,877301282;1,774902344
0,877301282;1,779785156
1,063760297;1,782226563
1,063760297;1,721191406
1,09457524;1,674804688
1,09457524;1,635742188
1,106524417;1,611328125
1,106524417;1,589355469
1,083032866;1,584472656
1,083032866;1,589355469
1,083032866;1,586914063
1,021733236;1,586914063
1,021733236;1,604003906
0,936141748;1,633300781
0,936141748;1,657714844
0,850501203;1,691894531
0,850501203;1,728515625
0,789848464;1,760253906
0,789848464;1,789550781
0,789848464;1,813964844
0,769524122;1,818847656
0,769524122;1,838378906
0,78866316;1,840820313
0,78866316;1,843261719
1,036086919;1,8359375
1,036086919;1,772460938
1,075068754;1,71875
1,075068754;1,669921875
1,087481481;1,643066406
1,087481481;1,62109375
1,087481481;1,608886719
1,061319131;1,6015625
1,061319131;1,606445313
1,000967189;1,611328125
1,000967189;1,633300781
0,92490735;1,655273438
0,92490735;1,677246094
0,857591584;1,708984375
0,857591584;1,740722656
0,857591584;1,767578125
0,819137707;1,782226563
0,819137707;1,794433594
0,817321595;1,801757813
0,817321595;1,811523438
0,845177473;1,818847656
0,845177473;1,804199219
0,890717412;1,804199219
0,890717412;1,796875
0,922053471;1,789550781
0,922053471;1,774902344
0,922053471;1,770019531
0,930739174;1,772460938
0,930739174;1,765136719
0,914012447;1,765136719
0,914012447;1,762695313
0,880497301;1,767578125
0,880497301;1,77734375
0,845186541;1,779785156
0,845186541;1,791992188
0,845186541;1,794433594
0,822151895;1,801757813
0,822151895;1,811523438
0,818489143;1,809082031
0,818489143;1,813964844
0,832167591;1,809082031
0,832167591;1,813964844
0,854416276;1,813964844
0,854416276;1,806640625
0,450744069;1,801757813
0,450744069;1,882324219
0,450744069;1,931152344
0,463621091;1,962890625
0,463621091;1,977539063
0,469257496;1,982421875
0,469257496;1,984863281
0,473700488;1,987304688
0,473700488;1,989746094
0,484277164;1,989746094
0,484277164;1,987304688
0,484277164;1,989746094
0,504745971;1,984863281
0,504745971;1,979980469
0,532557573;1,984863281
0,532557573;1,979980469
0,559816865;1,979980469
0,559816865;1,97265625
0,577561114;1,970214844
0,577561114;1,97265625
0,581152066;1,962890625
0,581152066;1,965332031
0,581152066;1,962890625
0,995903868;1,962890625
0,995903868;1,887207031
0,988536051;1,789550781
0,988536051;1,750488281
0,994906512;1,721191406
0,994906512;1,708984375
1,025081881;1,701660156
1,025081881;1,682128906
1,025081881;1,672363281
1,079656668;1,669921875
1,079656668;1,643066406
1,148052015;1,625976563
1,148052015;1,577148438
1,212079778;1,547851563
1,212079778;1,489257813
1,253532592;1,447753906
1,253532592;1,38671875
1,262523288;1,354980469
1,262523288;1,325683594
1,262523288;1,30859375
1,242707556;1,298828125
1,242707556;1,306152344
1,010670077;1,303710938
1,010670077;1,418457031
0,989733754;1,528320313
0,989733754;1,608886719
0,999794361;1,652832031
0,999794361;1,677246094
0,999794361;1,687011719
1,048703582;1,694335938
1,048703582;1,6796875
1,128221783;1,669921875
1,128221783;1,618652344
1,216881796;1,579589844
1,216881796;1,508789063
1,288659674;1,457519531
1,288659674;1,374511719
1,323814278;1,318359375
1,323814278;1,257324219
1,323814278;1,220703125
1,317229219;1,196289063
1,317229219;1,181640625
1,280619852;1,171875
1,280619852;1,193847656
1,243501326;1,2109375
1,243501326;1,242675781
1,219720119;1,274414063
1,219720119;1,303710938
1,219720119;1,325683594
1,232097183;1,335449219
1,232097183;1,340332031
1,282053976;1,34765625
1,282053976;1,311035156
1,355332067;1,2890625
1,355332067;1,208496094
1,4284043;1,154785156
1,4284043;1,0546875
1,47852951;0,986328125
1,47852951;0,895996094
1,47852951;0,83984375
1,49303366;0,808105469
1,49303366;0,776367188
1,473894037;0,754394531
1,473894037;0,754394531
1,435901449;0,756835938
1,435901449;0,788574219
1,300917944;0,815429688
1,300917944;0,886230469
1,300917944;1,000976563
1,283396318;1,081542969
1,283396318;1,140136719
1,291741716;1,171875
1,291741716;1,188964844
1,320936623;1,196289063
1,320936623;1,176757813
1,357420511;1,171875
1,357420511;1,135253906
1,38597977;1,108398438
1,38597977;1,064453125
1,38597977;1,03515625
1,396611157;1,022949219
1,396611157;1,003417969
1,388221895;0,988769531
1,388221895;0,983886719
1,367746533;0,983886719
1,367746533;0,99609375
1,345543178;1,005859375
1,345543178;1,027832031
1,345543178;1,042480469
1,663470102;1,0546875
1,663470102;0,8203125
1,655786085;0,581054688
1,655786085;0,490722656
1,651802546;0,461425781
1,651802546;0,451660156
1,644057905;0,446777344
1,644057905;0,454101563
1,627083252;0,451660156
1,627083252;0,466308594
1,627083252;0,471191406
1,601140114;0,471191406
1,601140114;0,490722656
1,572611023;0,495605469
1,572611023;0,517578125
1,550702912;0,534667969
1,550702912;0,551757813
1,542117126;0,563964844
1,542117126;0,576171875
1,542117126;0,581054688
1,54652253;0,5859375
1,54652253;0,5859375
1,309078389;0,5859375
1,309078389;0,727539063
1,308968176;0,881347656
1,308968176;1,005859375
1,287713644;1,066894531
1,287713644;1,125488281
1,240976736;1,154785156
1,240976736;1,198730469
1,240976736;1,247558594
1,175584614;1,276855469
1,175584614;1,315917969
1,107786601;1,3671875
1,107786601;1,416015625
1,056774786;1,477050781
1,056774786;1,5234375
1,036158767;1,569824219
1,036158767;1,6015625
1,036158767;1,613769531
1,047259303;1,628417969
1,047259303;1,630859375
1,077488115;1,633300781
1,077488115;1,616210938
0,990994153;1,608886719
0,990994153;1,623535156
0,99337575;1,647949219
0,99337575;1,667480469
0,957881589;1,6796875
0,957881589;1,694335938
0,957881589;1,701660156
0,887118162;1,713867188
0,887118162;1,726074219
0,798692599;1,748046875
0,798692599;1,770019531
0,718259106;1,801757813
0,718259106;1,826171875
0,668914734;1,848144531
0,668914734;1,870117188
0,668914734;1,879882813
0,661480643;1,887207031
0,661480643;1,889648438
0,689889574;1,89453125
0,689889574;1,892089844
0,733711095;1,892089844
0,733711095;1,884765625
0,679039509;1,877441406
0,679039509;1,879882813
0,680274231;1,889648438
0,680274231;1,892089844
0,680274231;1,89453125
0,642500062;1,892089844
0,642500062;1,896972656
0,574947963;1,899414063
0,574947963;1,901855469
0,498960824;1,916503906
0,498960824;1,931152344
0,438742128;1,938476563
0,438742128;1,948242188
0,438742128;1,960449219
0,411292709;1,962890625
0,411292709;1,965332031
0,419857322;1,967773438
0,419857322;1,965332031
0,453511741;1,967773438
0,453511741;1,965332031
0,492736822;1,960449219
0,492736822;1,958007813
0,946740717;1,953125
0,946740717;1,89453125
0,946740717;1,821289063
0,947418026;1,784667969
0,947418026;1,770019531
0,924251157;1,752929688
0,924251157;1,755371094
0,888501572;1,752929688
0,888501572;1,762695313
0,855663847;1,770019531
0,855663847;1,779785156
0,855663847;1,789550781
0,838187248;1,789550781
0,838187248;1,801757813
0,840403327;1,801757813
0,840403327;1,799316406
0,857796285;1,804199219
0,857796285;1,799316406
0,88054112;1,794433594
0,88054112;1,791992188
0,899191806;1,787109375
0,899191806;1,784667969
0,899191806;1,782226563
0,47249266;1,774902344
0,47249266;1,860351563
0,47696799;1,923828125
0,47696799;1,960449219
0,482578801;1,970214844
0,482578801;1,982421875
0,49603152;1,977539063
0,49603152;1,982421875
0,49603152;1,975097656
0,519301845;1,979980469
0,519301845;1,977539063
0,547934777;1,977539063
0,547934777;1,97265625
0,573151702;1,970214844
0,573151702;1,967773438
0,586761051;1,965332031
0,586761051;1,962890625
0,586303241;1,955566406
0,586303241;1,962890625
0,586303241;1,960449219
0,577586469;1,955566406
0,577586469;1,958007813
0,786447982;1,960449219
0,786447982;1,921386719
0,799339378;1,892089844
0,799339378;1,872558594
0,837395622;1,865234375
0,837395622;1,85546875
0,837395622;1,850585938
0,897755622;1,848144531
0,897755622;1,831054688
0,966918944;1,81640625
0,966918944;1,77734375
1,025777823;1,755371094
1,025777823;1,728515625
1,057843441;1,708984375
1,057843441;1,674804688
1,057025332;1,66015625
1,057025332;1,652832031
1,057025332;1,650390625
1,031281825;1,640625
1,031281825;1,652832031
1,000158188;1,66015625
1,000158188;1,665039063
0,928663624;1,6796875
0,928663624;1,69921875
0,950423167;1,71875
0,950423167;1,730957031
0,950423167;1,728515625
1,010234051;1,726074219
1,010234051;1,706542969
1,095218281;1,701660156
1,095218281;1,655273438
1,181418464;1,625976563
1,181418464;1,557617188
1,243598526;1,516113281
1,243598526;1,440429688
1,265810348;1,394042969
1,265810348;1,357421875
1,265810348;1,328125
1,248157179;1,313476563
1,248157179;1,315917969
1,206793514;1,313476563
1,206793514;1,337890625
1,167132168;1,354980469
1,167132168;1,38671875
1,099653289;1,418457031
1,099653289;1,459960938
1,099653289;1,50390625
1,124085855;1,535644531
1,124085855;1,535644531
1,183239777;1,538085938
1,183239777;1,499023438
1,259115711;1,479492188
1,259115711;1,418457031
1,327307397;1,362304688
1,327307397;1,281738281
1,367305634;1,225585938
1,367305634;1,154785156
1,367305634;1,108398438
1,370692038;1,081542969
1,370692038;1,064453125
1,343823027;1,049804688
1,343823027;1,062011719
1,304140764;1,071777344
1,304140764;1,105957031
1,272062641;1,130371094
1,272062641;1,171875
1,272062641;1,201171875
1,580596304;1,215820313
1,580596304;1,008300781
1,596313523;0,771484375
1,596313523;0,639648438
1,629383302;0,578613281
1,629383302;0,520019531
1,664944015;0,495605469
1,664944015;0,461425781
1,688734841;0,451660156
1,688734841;0,432128906
1,688734841;0,422363281
1,693272938;0,422363281
1,693272938;0,41015625
1,680206609;0,405273438
1,680206609;0,415039063
1,658110112;0,419921875
1,658110112;0,434570313
1,637215492;0,437011719
1,637215492;0,454101563
1,637215492;0,461425781
1,623956537;0,463867188
1,623956537;0,463867188
1,426065125;0,471191406
1,426065125;0,56640625
1,421733079;0,676269531
1,421733079;0,764160156
1,411546614;0,815429688
1,411546614;0,852050781
1,391508626;0,869140625
1,391508626;0,8984375
1,391508626;0,91796875
1,363881878;0,927734375
1,363881878;0,959472656
1,336397492;0,986328125
1,336397492;1,022949219
1,318087047;1,044921875
1,318087047;1,07421875
1,313877977;1,098632813
1,313877977;1,11328125
1,313877977;1,130371094
1,320874287;1,130371094
1,320874287;1,127929688
1,328530802;1,130371094
1,328530802;1,125488281
1,29037897;1,123046875
1,29037897;1,145019531
1,261348171;1,171875
1,261348171;1,208496094
1,207702498;1,23046875
1,207702498;1,274414063
1,207702498;1,318359375
1,139565662;1,340332031
1,139565662;1,381835938
1,07493041;1,433105469
1,07493041;1,484375
1,032187726;1,533203125
1,032187726;1,577148438
1,021736782;1,611328125
1,021736782;1,628417969
1,021736782;1,640625
1,040554132;1,647949219
1,040554132;1,650390625
1,072464301;1,647949219
1,072464301;1,625976563
1,094367455;1,618652344
1,094367455;1,606445313
1,324217687;1,604003906
1,324217687;1,457519531
1,276964769;1,315917969
1,276964769;1,267089844
1,276964769;1,242675781
1,198415639;1,232910156
1,198415639;1,259765625
1,109604716;1,315917969
1,109604716;1,374511719
1,036584243;1,442871094
1,036584243;1,513671875
0,999582221;1,572265625
0,999582221;1,613769531
0,999582221;1,643066406
1,004459139;1,657714844
1,004459139;1,665039063
1,040186731;1,669921875
1,040186731;1,657714844
1,083473703;1,657714844
1,083473703;1,628417969
1,10855525;1,613769531
1,10855525;1,594238281
0,652478521;1,584472656
0,652478521;1,726074219
0,652478521;1,828613281
0,603977632;1,877441406
0,603977632;1,918945313
0,531265911;1,938476563
0,531265911;1,950683594
0,457662166;1,962890625
0,457662166;1,97265625
0,406159593;1,982421875
0,406159593;1,989746094
0,406159593;1,994628906
0,390017128;1,999511719
0,390017128;2,001953125
0,407911516;1,999511719
0,407911516;1,997070313
0,445495631;1,994628906
0,445495631;1,994628906
0,48233854;1,9921875
0,48233854;1,987304688
0,500927895;1,984863281
0,500927895;1,982421875
0,500927895;1,979980469
0,849414707;1,979980469
0,849414707;1,921386719
0,820893554;1,877441406
0,820893554;1,857910156
0,784395293;1,843261719
0,784395293;1,850585938
0,755218317;1,853027344
0,755218317;1,857910156
0,755218317;1,857910156
0,743704956;1,857910156
0,743704956;1,862792969
0,751355822;1,865234375
0,751355822;1,860351563
0,771512827;1,860351563
0,771512827;1,860351563
0,793845065;1,857910156
0,793845065;1,853027344
0,810092802;1,848144531
0,810092802;1,845703125
0,810092802;1,843261719
0,818081967;1,838378906
0,818081967;1,840820313
0,826420841;1,840820313
0,826420841;1,838378906
0,833852797;1,828613281
0,833852797;1,828613281
0,850377005;1,833496094
0,850377005;1,823730469
0,850377005;1,826171875
0,876021541;1,823730469
0,876021541;1,81640625
0,904627897;1,813964844
0,904627897;1,801757813
0,927006868;1,796875
0,927006868;1,791992188
0,936234716;1,782226563
0,936234716;1,772460938
0,932277209;1,774902344
0,932277209;1,774902344
0,932277209;1,770019531
0,923318867;1,772460938
0,923318867;1,774902344
0,922741451;1,77734375
0,922741451;1,779785156
0,971703351;1,774902344
0,971703351;1,752929688
1,017377521;1,752929688
1,017377521;1,726074219
1,017377521;1,706542969
1,082238367;1,696777344
1,082238367;1,66015625
1,150343256;1,635742188
1,150343256;1,579589844
1,202451875;1,547851563
1,202451875;1,496582031
1,224540129;1,459960938
1,224540129;1,423339844
1,21466638;1,401367188
1,21466638;1,394042969
1,21466638;1,389160156
1,184858826;1,381835938
1,184858826;1,396484375
1,156809839;1,408691406
1,156809839;1,435546875
1,152955777;1,4453125
1,152955777;1,459960938
0,835487719;1,467285156
0,835487719;1,6015625
0,835487719;1,708984375
0,904974504;1,77734375
0,904974504;1,794433594
0,993138804;1,794433594
0,993138804;1,7578125
1,074469303;1,733398438
1,074469303;1,687011719
1,125527949;1,655273438
1,125527949;1,606445313
1,134806499;1,577148438
1,134806499;1,5625
1,134806499;1,550292969
1,107628054;1,54296875
1,107628054;1,552734375
1,063936954;1,557617188
1,063936954;1,574707031
1,029909212;1,589355469
1,029909212;1,613769531
1,027000276;1,628417969
1,027000276;1,643066406
1,027000276;1,645507813
1,008386448;1,645507813
1,008386448;1,655273438
1,075015614;1,665039063
1,075015614;1,638183594
1,15115812;1,623535156
1,15115812;1,58203125
1,212513851;1,550292969
1,212513851;1,489257813
1,241587764;1,447753906
1,241587764;1,413574219
1,241587764;1,384277344
1,234471397;1,3671875
1,234471397;1,357421875
1,20154486;1,352539063
1,20154486;1,372070313
1,162124197;1,379394531
1,162124197;1,411132813
1,13571545;1,433105469
1,13571545;1,457519531
1,13571545;1,474609375
1,133875162;1,489257813
1,133875162;1,496582031
1,492464102;1,50390625
1,492464102;1,298828125
1,527981484;1,042480469
1,527981484;0,869140625
1,561255626;0,764160156
1,561255626;0,678710938
1,579569537;0,629882813
1,579569537;0,595703125
1,579569537;0,576171875
1,578183536;0,568847656
1,578183536;0,563964844
1,561271974;0,563964844
1,561271974;0,563964844
1,538540543;0,56640625
1,538540543;0,5859375
1,519570396;0,600585938
1,519570396;0,615234375
1,519570396;0,627441406
1,5089007;0,637207031
1,5089007;0,64453125
1,504297525;0,649414063
1,504297525;0,656738281
1,588794329;0,661621094
1,588794329;0,600585938
1,575774983;0,563964844
1,575774983;0,551757813
1,552888528;0,546875
1,552888528;0,561523438
1,552888528;0,573730469
1,524323683;0,578613281
1,524323683;0,603027344
1,498759087;0,612792969
1,498759087;0,639648438
1,484529738;0,659179688
1,484529738;0,681152344
1,484428933;0,690917969
1,484428933;0,698242188
1,484428933;0,703125
1,493009485;0,703125
1,493009485;0,700683594
1,498107211;0,703125
1,498107211;0,698242188
1,486213219;0,693359375
1,486213219;0,700683594
1,32993927;0,705566406
1,32993927;0,78125
1,270344583;0,900878906
1,270344583;1,022949219
1,270344583;1,120605469
1,201180718;1,171875
1,201180718;1,228027344
1,1414698;1,296386719
1,1414698;1,357421875
1,107997677;1,418457031
1,107997677;1,467285156
1,107430856;1,501464844
1,107430856;1,516113281
1,107430856;1,5234375
1,132424651;1,538085938
1,132424651;1,530761719
1,16381004;1,5234375
1,16381004;1,50390625
1,178250584;1,496582031
1,178250584;1,479492188
1,158216724;1,469726563
1,158216724;1,469726563
1,153260974;1,477050781
1,153260974;1,477050781
1,153260974;1,474609375
1,068932202;1,479492188
1,068932202;1,50390625
0,982223196;1,54296875
0,982223196;1,586914063
0,918547941;1,630859375
0,918547941;1,682128906
0,894448438;1,71875
0,894448438;1,740722656
0,894448438;1,752929688
0,910583206;1,762695313
0,910583206;1,765136719
0,951405053;1,762695313
0,951405053;1,750488281
0,991697583;1,745605469
0,991697583;1,728515625
1,007156813;1,721191406
1,007156813;1,706542969
0,984461484;1,701660156
0,984461484;1,704101563
0,984461484;1,704101563
0,921135641;1,708984375
0,921135641;1,721191406
0,845492772;1,73828125
0,845492772;1,752929688
0,776466392;1,779785156
0,776466392;1,796875
0,734940595;1,821289063
0,734940595;1,840820313
0,734940595;1,853027344
0,729970916;1,860351563
0,729970916;1,865234375
0,755817792;1,865234375
0,755817792;1,857910156
0,795377136;1,860351563
0,795377136;1,850585938
0,828167949;1,840820313
0,828167949;1,838378906
0,839144121;1,833496094
0,839144121;1,826171875
0,839144121;1,826171875
0,824453171;1,828613281
0,824453171;1,826171875
0,928881814;1,828613281
0,928881814;1,799316406
0,8930999;1,789550781
0,8930999;1,796875
0,868567822;1,791992188
0,868567822;1,794433594
0,868567822;1,799316406
0,863150788;1,801757813
0,863150788;1,801757813
0,87558743;1,804199219
0,87558743;1,796875
0,897510923;1,799316406
0,897510923;1,796875
0,918637496;1,789550781
0,918637496;1,782226563
0,932279021;1,782226563
0,932279021;1,772460938
0,932279021;1,770019531
0,938367531;1,770019531
0,938367531;1,767578125
0,942603814;1,767578125
0,942603814;1,762695313
0,896965498;1,762695313
0,896965498;1,770019531
0,916568141;1,782226563
0,916568141;1,779785156
0,916568141;1,779785156
0,943994299;1,774902344
0,943994299;1,765136719
0,9716853;1,765136719
0,9716853;1,750488281
0,990551721;1,743164063
0,990551721;1,733398438
0,995384553;1,728515625
0,995384553;1,723632813
0,988705737;1,71875
0,988705737;1,721191406
0,988705737;1,723632813
0,980788518;1,71875
0,980788518;1,71875
0,985441308;1,723632813
0,985441308;1,721191406
1,013329985;1,71875
1,013329985;1,706542969
0,738337652;1,704101563
0,738337652;1,765136719
0,738337652;1,813964844
0,806179758;1,845703125
0,806179758;1,850585938
0,871385342;1,848144531
0,871385342;1,831054688
0,915396761;1,826171875
0,915396761;1,813964844
0,927313862;1,791992188
0,927313862;1,789550781
0,909527367;1,784667969
0,909527367;1,782226563
0,909527367;1,784667969
0,877725931;1,784667969
0,877725931;1,796875
0,854896939;1,801757813
0,854896939;1,804199219
0,86168727;1,809082031
0,86168727;1,813964844
0,90726881;1,813964844
0,90726881;1,796875
0,90726881;1,794433594
1,021370047;1,791992188
1,021370047;1,743164063
1,110279434;1,713867188
1,110279434;1,655273438
1,184501755;1,611328125
1,184501755;1,545410156
1,223339382;1,50390625
1,223339382;1,452636719
1,220192813;1,420898438
1,220192813;1,398925781
1,220192813;1,38671875
1,185393902;1,381835938
1,185393902;1,394042969
1,141874889;1,403808594
1,141874889;1,433105469
1,115528206;1,462402344
1,115528206;1,491699219
1,124412906;1,511230469
1,124412906;1,5234375
1,124412906;1,528320313
1,171430301;1,528320313
1,171430301;1,50390625
1,265875366;1,494140625
1,265875366;1,416015625
1,339964363;1,359863281
1,339964363;1,271972656
1,392817727;1,208496094
1,392817727;1,120605469
1,410601353;1,064453125
1,410601353;1,013183594
1,410601353;0,981445313
1,393981257;0,959472656
1,393981257;0,959472656
1,356846835;0,961914063
1,356846835;0,988769531
1,319550219;1,010742188
1,319550219;1,0546875
1,299908183;1,091308594
1,299908183;1,127929688
1,299908183;1,147460938
1,306010074;1,162109375
1,306010074;1,171875
1,333830439;1,176757813
1,333830439;1,157226563
1,451441399;1,142578125
1,451441399;1,03515625
1,481215344;0,947265625
1,481215344;0,866699219
1,493607896;0,822753906
1,493607896;0,78125
1,493607896;0,754394531
1,486709138;0,739746094
1,486709138;0,734863281
1,466891549;0,734863281
1,466891549;0,747070313
1,44444716;0,754394531
1,44444716;0,778808594
1,427833625;0,793457031
1,427833625;0,8203125
1,427833625;0,83984375
1,419530461;0,847167969
1,419530461;0,856933594
1,415511237;0,859375
1,415511237;0,866699219
1,408380314;0,874023438
1,408380314;0,881347656
1,431226335;0,888671875
1,431226335;0,881347656
1,405892905;0,87890625
1,405892905;0,888671875
1,405892905;0,895996094
1,37722805;0,900878906
1,37722805;0,930175781
1,354392473;0,947265625
1,354392473;0,979003906
1,34452287;1,005859375
1,34452287;1,027832031
1,348016072;1,040039063
1,348016072;1,049804688
1,348016072;1,0546875
1,357017126;1,057128906
1,357017126;1,052246094
1,358257052;1,049804688
1,358257052;1,049804688
1,339190622;1,052246094
1,339190622;1,0546875
1,294591736;1,064453125
1,294591736;1,098632813
1,35772819;1,137695313
1,35772819;1,108398438
1,35772819;1,086425781
1,289355252;1,076660156
1,289355252;1,098632813
1,236178247;1,140136719
1,236178247;1,19140625
1,212621863;1,247558594
1,212621863;1,293945313
1,221244737;1,318359375
1,221244737;1,335449219
1,221244737;1,345214844
1,250587381;1,345214844
1,250587381;1,330566406
1,279217985;1,323242188
1,279217985;1,298828125
1,284517375;1,276855469
1,284517375;1,259765625
1,252499402;1,254882813
1,252499402;1,264648438
1,184323516;1,274414063
1,184323516;1,301269531
1,184323516;1,352539063
0,879521428;1,372070313
0,879521428;1,525878906
0,797341127;1,655273438
0,797341127;1,740722656
0,744591395;1,796875
0,744591395;1,826171875
0,73345767;1,857910156
0,73345767;1,875
0,73345767;1,879882813
0,759365463;1,882324219
0,759365463;1,877441406
0,802873435;1,879882813
0,802873435;1,865234375
0,837851528;1,862792969
0,837851528;1,848144531
0,842418786;1,843261719
0,842418786;1,840820313
0,807940236;1,833496094
0,807940236;1,838378906
0,807940236;1,848144531
0,742276311;1,85546875
0,742276311;1,85546875
0,880742294;1,870117188
0,880742294;1,845703125
0,818284658;1,826171875
0,818284658;1,828613281
0,787593955;1,833496094
0,787593955;1,840820313
0,787593955;1,853027344
0,793240992;1,848144531
0,793240992;1,850585938
0,825400634;1,850585938
0,825400634;1,843261719
0,864977605;1,838378906
0,864977605;1,833496094
0,892283756;1,823730469
0,892283756;1,809082031
0,895288134;1,804199219
0,895288134;1,806640625
0,895288134;1,804199219
0,873886944;1,799316406
0,873886944;1,804199219
0,838633055;1,804199219
0,838633055;1,818847656
0,518851402;1,821289063
0,518851402;1,875
0,499709533;1,916503906
0,499709533;1,943359375
0,499709533;1,953125
0,500256756;1,958007813
0,500256756;1,962890625
0,516667093;1,965332031
0,516667093;1,967773438
0,539365663;1,965332031
0,539365663;1,960449219
0,558646161;1,958007813
0,558646161;1,958007813
0,569681827;1,958007813
0,569681827;1,958007813
0,569681827;1,950683594
0,57442699;1,955566406
0,57442699;1,953125
0,579628445;1,955566406
0,579628445;1,948242188
0,59221911;1,953125
0,59221911;1,950683594
0,687751896;1,948242188
0,687751896;1,931152344
0,687751896;1,921386719
0,716230961;1,918945313
0,716230961;1,911621094
0,742126137;1,909179688
0,742126137;1,899414063
0,756969585;1,896972656
0,756969585;1,892089844
0,757639838;1,889648438
0,757639838;1,89453125
0,749220049;1,889648438
0,749220049;1,887207031
0,749220049;1,889648438
0,743669504;1,889648438
0,743669504;1,889648438
0,754582554;1,89453125
0,754582554;1,887207031
0,790365992;1,889648438
0,790365992;1,877441406
0,849169101;1,877441406
0,849169101;1,860351563
0,849169101;1,845703125
0,97924985;1,840820313
0,97924985;1,791992188
1,039778853;1,762695313
1,039778853;1,716308594
1,074643857;1,687011719
1,074643857;1,662597656
1,076610238;1,647949219
1,076610238;1,635742188
1,052404687;1,625976563
1,052404687;1,633300781
1,052404687;1,635742188
1,020804572;1,633300781
1,020804572;1,645507813
1,00517098;1,66015625
1,00517098;1,669921875
1,02348691;1,672363281
1,02348691;1,669921875
1,08024409;1,667480469
1,08024409;1,643066406
1,08024409;1,628417969
1,163869821;1,625976563
1,163869821;1,577148438
1,216343173;1,538085938
1,216343173;1,474609375
1,281480296;1,440429688
1,281480296;1,374511719
1,307466145;1,328125
1,307466145;1,271972656
1,29288109;1,242675781
1,29288109;1,23046875
1,29288109;1,223144531
1,25265184;1,215820313
1,25265184;1,232910156
1,211777046;1,262207031
1,211777046;1,293945313
1,194834058;1,328125
1,194834058;1,354980469
1,215786168;1,372070313
1,215786168;1,369628906
1,215786168;1,372070313
1,272436103;1,372070313
1,272436103;1,337890625
1,347796877;1,311035156
1,347796877;1,23046875
1,327263467;1,174316406
1,327263467;1,154785156
1,370298738;1,140136719
1,370298738;1,101074219
1,376863435;1,076660156
1,376863435;1,0546875
1,376863435;1,040039063
1,352073282;1,032714844
1,352073282;1,044921875
1,312678141;1,049804688
1,312678141;1,079101563
1,279204838;1,108398438
1,279204838;1,149902344
1,267094195;1,181640625
1,267094195;1,206054688
1,267094195;1,223144531
1,280742986;1,235351563
1,280742986;1,235351563
1,312831977;1,232910156
1,312831977;1,206054688
1,348805975;1,196289063
1,348805975;1,162109375
1,319621269;1,130371094
1,319621269;1,1328125
1,325920049;1,140136719
1,325920049;1,135253906
1,325920049;1,127929688
1,314130245;1,130371094
1,314130245;1,137695313
1,292400681;1,145019531
1,292400681;1,159667969
1,271055662;1,169433594
1,271055662;1,198730469
1,257031546;1,215820313
1,257031546;1,235351563
1,257031546;1,252441406
1,250699135;1,264648438
1,250699135;1,271972656
1,24654335;1,276855469
1,24654335;1,284179688
1,237112037;1,2890625
1,237112037;1,293945313
1,217948681;1,298828125
1,217948681;1,323242188
1,178434629;1,337890625
1,178434629;1,364746094
1,178434629;1,389160156
1,150555605;1,408691406
1,150555605;1,433105469
1,131144;1,442871094
1,131144;1,462402344
1,125682522;1,479492188
1,125682522;1,496582031
1,132023171;1,494140625
1,132023171;1,499023438
1,132023171;1,50390625
1,14017313;1,50390625
1,14017313;1,496582031
1,136346853;1,491699219
1,136346853;1,499023438
1,109596865;1,496582031
1,109596865;1,506347656
1,057869156;1,520996094
1,057869156;1,545410156
0,990357569;1,574707031
0,990357569;1,6015625
0,990357569;1,643066406
1,133586558;1,665039063
1,133586558;1,611328125
1,088328546;1,569824219
1,088328546;1,567382813
1,074940657;1,574707031
1,074940657;1,574707031
1,091664809;1,58203125
1,091664809;1,574707031
1,091664809;1,569824219
1,123311222;1,572265625
1,123311222;1,555175781
1,147024389;1,547851563
1,147024389;1,533203125
1,141841967;1,520996094
1,141841967;1,518554688
1,097945459;1,516113281
1,097945459;1,530761719
1,021460455;1,545410156
1,021460455;1,567382813
1,021460455;1,608886719
0,932505063;1,633300781
0,932505063;1,652832031
0,972498042;1,694335938
0,972498042;1,701660156
0,931838112;1,708984375
0,931838112;1,721191406
0,933233527;1,728515625
0,933233527;1,73828125
0,933233527;1,735839844
0,967057573;1,73828125
0,967057573;1,728515625
1,010756499;1,728515625
1,010756499;1,704101563
1,038331997;1,694335938
1,038331997;1,682128906
1,031185574;1,672363281
1,031185574;1,669921875
0,985678036;1,665039063
0,985678036;1,677246094
0,985678036;1,691894531
0,914239582;1,694335938
0,914239582;1,704101563
0,839712068;1,730957031
0,839712068;1,750488281
0,400859659;1,77734375
0,400859659;1,872558594
0,381433352;1,943359375
0,381433352;1,979980469
0,381433352;1,997070313
0,396751017;2,004394531
0,396751017;2,001953125
0,433394679;2,006835938
0,433394679;2,001953125
0,471109173;2,001953125
0,471109173;1,999511719
0,491787783;1,994628906
0,491787783;1,9921875
0,486820685;1,989746094
0,486820685;1,994628906
0,486820685;1,989746094
0,459727628;1,989746094
0,459727628;1,994628906
0,423293474;1,994628906
0,423293474;1,999511719
0,392943977;2,001953125
0,392943977;2,004394531
0,630373895;2,001953125
0,630373895;1,977539063
0,630373895;1,958007813
0,636507407;1,945800781
0,636507407;1,948242188
0,655964594;1,940917969
0,655964594;1,936035156
0,678503995;1,936035156
0,678503995;1,928710938
0,695478427;1,928710938
0,695478427;1,923828125
0,704103961;1,921386719
0,704103961;1,921386719
0,704103961;1,916503906
0,7081639;1,918945313
0,7081639;1,918945313
0,715005803;1,918945313
0,715005803;1,909179688
0,730630178;1,909179688
0,730630178;1,909179688
0,755640469;1,904296875
0,755640469;1,899414063
0,755640469;1,89453125
0,76636026;1,89453125
0,76636026;1,892089844
0,789637761;1,887207031
0,789637761;1,882324219
0,800148077;1,879882813
0,800148077;1,879882813
0,797134915;1,870117188
0,797134915;1,879882813
0,788117973;1,872558594
0,788117973;1,879882813
0,788117973;1,872558594
0,786241039;1,875
0,786241039;1,872558594
0,804229179;1,875
0,804229179;1,867675781
0,847741246;1,867675781
0,847741246;1,850585938
0,91144408;1,843261719
0,91144408;1,818847656
0,91144408;1,801757813
0,980046186;1,801757813
0,980046186;1,765136719
1,262702675;1,743164063
1,262702675;1,613769531
1,287721841;1,46484375
1,287721841;1,3671875
1,280372782;1,30859375
1,280372782;1,284179688
1,251538169;1,26953125
1,251538169;1,274414063
1,251538169;1,284179688
1,222371557;1,286621094
1,222371557;1,30859375
1,21565512;1,323242188
1,21565512;1,340332031
1,245930946;1,350097656
1,245930946;1,333007813
1,312762824;1,325683594
1,312762824;1,274414063
1,312762824;1,237792969
1,400250899;1,208496094
1,400250899;1,118164063
1,483233153;1,049804688
1,483233153;0,930175781
1,434115364;0,844726563
1,434115364;0,830078125
1,44711347;0,837402344
1,44711347;0,83984375
1,422515484;0,834960938
1,422515484;0,852050781
1,422515484;0,864257813
1,379243254;0,869140625
1,379243254;0,900878906
1,343358841;0,9375
1,343358841;0,986328125
1,337150581;1,022949219
1,337150581;1,044921875
1,36995676;1,057128906
1,36995676;1,042480469
1,36995676;1,032714844
1,434613902;1,025390625
1,434613902;0,966796875
1,510920219;0,922851563
1,510920219;0,827636719
1,574443657;0,756835938
1,574443657;0,668945313
1,509887713;0,615234375
1,509887713;0,615234375
1,505729971;0,642089844
1,505729971;0,661621094
1,505729971;0,668945313
1,474375798;0,668945313
1,474375798;0,698242188
1,434682165;0,717773438
1,434682165;0,759277344
1,406502697;0,791015625
1,406502697;0,834960938
1,402334201;0,866699219
1,402334201;0,886230469
1,402334201;0,893554688
1,422819945;0,903320313
1,422819945;0,895996094
1,457779132;0,893554688
1,457779132;0,854492188
1,491848813;0,830078125
1,491848813;0,783691406
1,511808459;0,754394531
1,511808459;0,715332031
1,680184828;0,695800781
1,680184828;0,551757813
1,680184828;0,461425781
1,664295287;0,439453125
1,664295287;0,437011719
1,641649293;0,439453125
1,641649293;0,446777344
1,622068142;0,454101563
1,622068142;0,471191406
1,610662359;0,473632813
1,610662359;0,483398438
1,610662359;0,483398438
1,605761302;0,485839844
1,605761302;0,490722656
1,600743236;0,493164063
1,600743236;0,493164063
1,588576018;0,498046875
1,588576018;0,510253906
1,566482159;0,512695313
1,566482159;0,529785156
1,538106339;0,539550781
1,538106339;0,568847656
1,538106339;0,583496094
1,378953845;0,588378906
1,378953845;0,668945313
1,363502864;0,786132813
1,363502864;0,886230469
1,362253072;0,942382813
1,362253072;0,969238281
1,370487975;0,988769531
1,370487975;0,99609375
1,370487975;1,000976563
1,37646376;1,000976563
1,37646376;0,998535156
1,366514445;1,000976563
1,366514445;1,000976563
1,331873142;0,998535156
1,331873142;1,027832031
1,273887053;1,052246094
1,273887053;1,101074219
1,204836906;1,157226563
1,204836906;1,215820313
1,204836906;1,2890625
1,143524335;1,323242188
1,143524335;1,3671875
1,215876377;1,420898438
1,215876377;1,403808594
1,212497054;1,396484375
1,212497054;1,384277344
1,235876623;1,379394531
1,235876623;1,3671875
1,235876623;1,357421875
1,267644391;1,34765625
1,267644391;1,318359375
1,284434716;1,291503906
1,284434716;1,274414063
1,267827548;1,254882813
1,267827548;1,252441406
1,212632692;1,252441406
1,212632692;1,279296875
1,129756929;1,315917969
1,129756929;1,357421875
1,129756929;1,42578125
1,042184111;1,46484375
1,042184111;1,506347656
0,975619613;1,557617188
0,975619613;1,608886719
0,606614241;1,657714844
0,606614241;1,77734375
0,619619523;1,860351563
0,619619523;1,9140625
0,619619523;1,93359375
0,659205832;1,945800781
0,659205832;1,93359375
0,70061342;1,93359375
0,70061342;1,923828125
0,719012103;1,921386719
0,719012103;1,9140625
0,699807717;1,911621094
0,699807717;1,918945313
0,644461712;1,911621094
0,644461712;1,918945313
0,644461712;1,928710938
0,569431891;1,928710938
0,569431891;1,93359375
0,498862805;1,943359375
0,498862805;1,948242188
0,45433742;1,960449219
0,45433742;1,967773438
0,472659216;1,970214844
0,472659216;1,970214844
0,472659216;1,97265625
0,496358764;1,97265625
0,496358764;1,967773438
0,535548321;1,962890625
0,535548321;1,960449219
0,569673113;1,960449219
0,569673113;1,955566406
0,582909585;1,953125
0,582909585;1,953125
0,570317946;1,950683594
0,570317946;1,948242188
0,570317946;1,948242188
0,538763767;1,953125
0,538763767;1,955566406
0,50262714;1,958007813
0,50262714;1,962890625
0,476660435;1,960449219
0,476660435;1,965332031
0,469477892;1,967773438
0,469477892;1,970214844
0,469477892;1,970214844
0,73158337;1,97265625
0,73158337;1,936035156
0,753097992;1,9140625
0,753097992;1,904296875
0,77464744;1,899414063
0,77464744;1,896972656
0,789053551;1,884765625
0,789053551;1,879882813
0,795641264;1,882324219
0,795641264;1,875
0,795641264;1,877441406
0,799731885;1,867675781
0,799731885;1,865234375
0,808799196;1,870117188
0,808799196;1,867675781
0,827519919;1,865234375
0,827519919;1,857910156
0,854499129;1,857910156
0,854499129;1,850585938
0,854499129;1,845703125
0,882547492;1,838378906
0,882547492;1,81640625
0,610351586;1,823730469
0,610351586;1,862792969
0,616445834;1,889648438
0,616445834;1,909179688
0,610463449;1,918945313
0,610463449;1,923828125
0,602108664;1,923828125
0,602108664;1,926269531
0,602108664;1,928710938
0,605130737;1,931152344
0,605130737;1,926269531
0,630746441;1,926269531
0,630746441;1,926269531
0,681487184;1,923828125
0,681487184;1,911621094
0,748632924;1,906738281
0,748632924;1,892089844
0,748632924;1,887207031
0,814866412;1,887207031
0,814866412;1,870117188
0,861347891;1,860351563
0,861347891;1,850585938
0,856491461;1,843261719
0,856491461;1,840820313
0,840860131;1,840820313
0,840860131;1,840820313
0,809414761;1,840820313
0,809414761;1,848144531
0,809414761;1,845703125
0,784859714;1,850585938
0,784859714;1,857910156
0,788454122;1,857910156
0,788454122;1,862792969
0,830653373;1,860351563
0,830653373;1,848144531
0,906045174;1,850585938
0,906045174;1,826171875
0,906045174;1,813964844
0,994994144;1,809082031
0,994994144;1,770019531
1,071494182;1,740722656
1,071494182;1,694335938
1,113961636;1,665039063
1,113961636;1,625976563
1,206135666;1,6015625
1,206135666;1,533203125
1,173331905;1,477050781
1,173331905;1,46484375
1,173331905;1,459960938
1,129505409;1,457519531
1,129505409;1,474609375
1,100738505;1,494140625
1,100738505;1,5234375
1,106153903;1,54296875
1,106153903;1,545410156
1,150126473;1,552734375
1,150126473;1,530761719
1,150126473;1,520996094
1,220858985;1,516113281
1,220858985;1,469726563
1,295777849;1,440429688
1,295777849;1,359863281
1,351248455;1,311035156
1,351248455;1,223144531
1,372317635;1,169433594
1,372317635;1,123046875
1,222535318;1,091308594
1,222535318;1,135253906
1,222535318;1,220703125
1,186423293;1,286621094
1,186423293;1,340332031
1,148327338;1,376953125
1,148327338;1,420898438
1,126629316;1,4453125
1,126629316;1,477050781
1,130454282;1,496582031
1,130454282;1,50390625
1,130454282;1,513671875
1,15679406;1,513671875
1,15679406;1,501464844
1,193149463;1,496582031
1,193149463;1,474609375
1,224052431;1,455078125
1,224052431;1,428222656
1,238191685;1,411132813
1,238191685;1,384277344
1,232835962;1,372070313
1,232835962;1,362304688
1,232835962;1,3671875
1,419406894;1,362304688
1,419406894;1,215820313
1,39679001;1,076660156
1,39679001;1,022949219
1,379460204;0,988769531
1,379460204;0,983886719
1,370504428;0,9765625
1,370504428;0,991210938
1,370504428;0,991210938
1,366388648;0,993652344
1,366388648;0,998535156
1,359823403;1,005859375
1,359823403;1,013183594
1,344647242;1,025390625
1,344647242;1,042480469
1,319971638;1,052246094
1,319971638;1,079101563
1,291245808;1,103515625
1,291245808;1,140136719
1,291245808;1,162109375
1,267541475;1,176757813
1,267541475;1,201171875
1,062683729;1,220703125
1,062683729;1,333007813
1,0652018;1,442871094
1,0652018;1,525878906
1,074208067;1,567382813
1,074208067;1,589355469
1,074208067;1,596679688
1,076696147;1,604003906
1,076696147;1,608886719
1,059774623;1,608886719
1,059774623;1,618652344
1,017359897;1,618652344
1,017359897;1,633300781
0,954282476;1,650390625
0,954282476;1,672363281
0,885490107;1,694335938
0,885490107;1,71875
0,885490107;1,750488281
0,830264773;1,765136719
0,830264773;1,784667969
0,803789406;1,791992188
0,803789406;1,806640625
1,151314529;1,821289063
1,151314529;1,723632813
1,179598555;1,608886719
1,179598555;1,535644531
1,179598555;1,486816406
1,209255241;1,467285156
1,209255241;1,435546875
1,217359326;1,411132813
1,217359326;1,398925781
1,188826405;1,396484375
1,188826405;1,403808594
1,12337047;1,408691406
1,12337047;1,435546875
1,036296649;1,467285156
1,036296649;1,511230469
1,036296649;1,569824219
0,952560896;1,6015625
0,952560896;1,633300781
0,896503993;1,674804688
0,896503993;1,708984375
0,881633814;1,735839844
0,881633814;1,750488281
1,018922738;1,762695313
1,018922738;1,71875
1,018922738;1,701660156
1,061906747;1,689453125
1,061906747;1,662597656
1,098652628;1,650390625
1,098652628;1,616210938
1,106483151;1,606445313
1,106483151;1,584472656
1,075363852;1,574707031
1,075363852;1,58203125
1,011754235;1,591796875
1,011754235;1,611328125
1,011754235;1,635742188
0,935439747;1,645507813
0,935439747;1,665039063
0,870887552;1,694335938
0,870887552;1,726074219
0,836991712;1,750488281
0,836991712;1,77734375
0,839641329;1,789550781
0,839641329;1,796875
0,839641329;1,799316406
0,521158687;1,791992188
0,521158687;1,865234375
0,560928999;1,909179688
0,560928999;1,93359375
0,589956753;1,943359375
0,589956753;1,948242188
0,595288306;1,940917969
0,595288306;1,945800781
0,575738757;1,948242188
0,575738757;1,948242188
0,575738757;1,953125
0,541105367;1,953125
0,541105367;1,958007813
0,506677595;1,965332031
0,506677595;1,965332031
0,485911171;1,960449219
0,485911171;1,967773438
0,484757566;1,967773438
0,484757566;1,970214844
0,484757566;1,970214844
0,500107023;1,970214844
0,500107023;1,970214844
0,493173038;1,97265625
0,493173038;1,967773438
0,513044565;1,967773438
0,513044565;1,967773438
0,524824032;1,967773438
0,524824032;1,960449219
0,529894635;1,965332031
0,529894635;1,962890625
0,529894635;1,962890625
0,534743783;1,965332031
0,534743783;1,962890625
0,546493329;1,962890625
0,546493329;1,958007813
0,568179576;1,958007813
0,568179576;1,955566406
0,596434935;1,953125
0,596434935;1,945800781
0,596434935;1,950683594
0,622938953;1,948242188
0,622938953;1,940917969
0,63899025;1,940917969
0,63899025;1,938476563
0,70915074;1,938476563
0,70915074;1,918945313
0,701124405;1,9140625
0,701124405;1,9140625
0,694751094;1,911621094
0,694751094;1,911621094
0,694751094;1,911621094
0,703754605;1,909179688
0,703754605;1,9140625
0,737251311;1,9140625
0,737251311;1,906738281
0,794395781;1,899414063
0,794395781;1,889648438
0,863332126;1,882324219
0,863332126;1,85546875
0,863332126;1,840820313
0,925393217;1,831054688
0,925393217;1,809082031
0,962998558;1,799316406
0,962998558;1,774902344
0,967802949;1,767578125
0,967802949;1,760253906
1,23001184;1,755371094
1,23001184;1,635742188
1,198123497;1,508789063
1,198123497;1,457519531
1,198123497;1,433105469
1,180213633;1,420898438
1,180213633;1,420898438
1,195122615;1,420898438
1,195122615;1,416015625
1,248733282;1,416015625
1,248733282;1,376953125
1,330812845;1,362304688
1,330812845;1,279296875
1,330812845;1,218261719
1,418740068;1,186523438
1,418740068;1,083984375
1,486696312;1,008300781
1,486696312;0,908203125
1,516444719;0,837402344
1,516444719;0,766601563
1,505047996;0,725097656
1,505047996;0,705566406
1,348688499;0,698242188
1,348688499;0,771484375
1,348688499;0,881347656
1,306798101;0,964355469
1,306798101;1,042480469
1,286973057;1,096191406
1,286973057;1,140136719
1,304426694;1,169433594
1,304426694;1,176757813
1,358435554;1,181640625
1,358435554;1,142578125
1,358435554;1,110839844
1,433085779;1,09375
1,433085779;1,013183594
1,504361461;0,95703125
1,504361461;0,856933594
1,550356339;0,786132813
1,550356339;0,703125
1,56014126;0,654296875
1,56014126;0,622558594
1,537565454;0,607910156
1,537565454;0,610351563
1,537565454;0,610351563
1,24776111;0,617675781
1,24776111;0,795898438
1,213016606;0,983886719
1,213016606;1,1328125
1,198664045;1,242675781
1,198664045;1,313476563
1,210184453;1,354980469
1,210184453;1,3671875
1,210184453;1,376953125
1,241174661;1,384277344
1,241174661;1,369628906
1,277444152;1,359863281
1,277444152;1,320800781
1,304102706;1,298828125
1,304102706;1,264648438
1,312170231;1,240234375
1,312170231;1,215820313
1,301723786;1,203613281
1,301723786;1,201171875
1,301723786;1,201171875
1,280445184;1,198730469
1,280445184;1,2109375
1,524211397;1,223144531
1,524211397;1,044921875
1,509424507;0,859375
1,509424507;0,764160156
1,502570486;0,717773438
1,502570486;0,695800781
1,502570486;0,688476563
1,498529653;0,68359375
1,498529653;0,681152344
1,489816688;0,681152344
1,489816688;0,693359375
1,471541352;0,695800781
1,471541352;0,715332031
1,444807743;0,727539063
1,444807743;0,759277344
1,416608791;0,78125
1,416608791;0,817871094
1,416608791;0,83984375
1,396141384;0,856933594
1,396141384;0,881347656
1,389411;0,900878906
1,389411;0,913085938
1,247249858;0,920410156
1,247249858;0,998535156
1,255781635;1,105957031
1,255781635;1,188964844
1,255781635;1,23046875
1,253540917;1,257324219
1,253540917;1,271972656
1,229054129;1,276855469
1,229054129;1,298828125
1,17931773;1,306152344
1,17931773;1,335449219
1,112572677;1,374511719
1,112572677;1,420898438
1,045882175;1,472167969
1,045882175;1,518554688
1,045882175;1,564941406
0,998201316;1,591796875
0,998201316;1,625976563
0,981863058;1,647949219
0,981863058;1,667480469
0,996372119;1,677246094
0,996372119;1,677246094
1,028526052;1,674804688
1,028526052;1,667480469
1,028526052;1,66015625
1,053880088;1,66015625
1,053880088;1,647949219
1,051852518;1,635742188
1,051852518;1,635742188
1,011361311;1,635742188
1,011361311;1,647949219
0,937102185;1,657714844
0,937102185;1,674804688
0,848211986;1,704101563
0,848211986;1,733398438
0,848211986;1,762695313
0,770637862;1,784667969
0,770637862;1,804199219
0,726379128;1,823730469
0,726379128;1,840820313
0,724215517;1,850585938
0,724215517;1,860351563
0,75595437;1,867675781
0,75595437;1,862792969
0,75595437;1,85546875
0,855863772;1,860351563
0,855863772;1,8359375
0,885783615;1,828613281
0,885783615;1,809082031
0,882090506;1,809082031
0,882090506;1,806640625
0,839676742;1,806640625
0,839676742;1,813964844
0,769695674;1,813964844
0,769695674;1,831054688
0,769695674;1,840820313
0,694433025;1,850585938
0,694433025;1,85546875
0,63769823;1,867675781
0,63769823;1,879882813
0,614987321;1,889648438
0,614987321;1,901855469
0,627619525;1,904296875
0,627619525;1,909179688
0,627619525;1,909179688
0,663159263;1,909179688
0,663159263;1,904296875
0,525495686;1,901855469
0,525495686;1,9140625
0,548194916;1,923828125
0,548194916;1,931152344
0,545518388;1,93359375
0,545518388;1,938476563
0,519957292;1,938476563
0,519957292;1,943359375
0,519957292;1,943359375
0,483711904;1,945800781
0,483711904;1,950683594
0,452278184;1,950683594
0,452278184;1,948242188
0,437273082;1,958007813
0,437273082;1,962890625
0,441839084;1,962890625
0,441839084;1,958007813
0,441839084;1,962890625
0,460512928;1,965332031
0,460512928;1,962890625
0,483189393;1,960449219
0,483189393;1,958007813
0,720695242;1,958007813
0,720695242;1,921386719
0,729988627;1,906738281
0,729988627;1,89453125
0,734175257;1,89453125
0,734175257;1,89453125
0,734175257;1,889648438
0,74047653;1,889648438
0,74047653;1,887207031
0,755206393;1,887207031
0,755206393;1,884765625
0,779536259;1,879882813
0,779536259;1,875
0,808264754;1,875
0,808264754;1,865234375
0,808264754;1,860351563
0,832380437;1,860351563
0,832380437;1,85546875
0,844166146;1,853027344
0,844166146;1,848144531
0,842157525;1,843261719
0,842157525;1,843261719
0,96238273;1,848144531
0,96238273;1,804199219
0,959309695;1,77734375
0,959309695;1,762695313
0,959309695;1,755371094
0,975177136;1,752929688
0,975177136;1,740722656
1,016485013;1,735839844
1,016485013;1,721191406
1,078907008;1,708984375
1,078907008;1,669921875
1,147850748;1,643066406
1,147850748;1,594238281
1,147850748;1,560058594
1,204054503;1,54296875
1,204054503;1,486816406
1,231978264;1,455078125
1,231978264;1,420898438
1,227240974;1,403808594
1,227240974;1,381835938
1,19954949;1,379394531
1,19954949;1,389160156
1,041715425;1,398925781
1,041715425;1,455078125
1,041715425;1,533203125
1,032254181;1,586914063
1,032254181;1,618652344
1,059044893;1,638183594
1,059044893;1,630859375
1,123094151;1,635742188
1,123094151;1,6015625
1,209703499;1,586914063
1,209703499;1,511230469
1,209703499;1,459960938
1,294143733;1,435546875
1,294143733;1,354980469
1,351814059;1,303710938
1,351814059;1,225585938
1,368562479;1,169433594
1,368562479;1,123046875
1,346697352;1,091308594
1,346697352;1,086425781
1,304053864;1,086425781
1,304053864;1,11328125
1,304053864;1,142578125
1,449142258;1,154785156
1,449142258;1,047363281
1,439709615;0,952148438
1,439709615;0,905761719
1,469128943;0,881347656
1,469128943;0,847167969
1,531651129;0,817871094
1,531651129;0,744628906
1,531651129;0,690917969
1,607924518;0,668945313
1,607924518;0,593261719
1,67346751;0,551757813
1,67346751;0,476074219
1,708949038;0,44921875
1,708949038;0,400390625
1,707825216;0,395507813
1,707825216;0,397949219
1,678195765;0,395507813
1,678195765;0,422363281
1,678195765;0,424804688
1,638389065;0,422363281
1,638389065;0,44921875
1,408907638;0,456542969
1,408907638;0,571289063
1,402415182;0,690917969
1,402415182;0,80078125
1,421008558;0,859375
1,421008558;0,876464844
1,421008558;0,883789063
1,455285197;0,888671875
1,455285197;0,866699219
1,49004396;0,844726563
1,49004396;0,798339844
1,511605345;0,771484375
1,511605345;0,732421875
1,513619553;0,712890625
1,513619553;0,695800781
1,498829158;0,690917969
1,498829158;0,695800781
1,498829158;0,695800781
1,476348397;0,693359375
1,476348397;0,715332031
1,456197346;0,732421875
1,456197346;0,756835938
1,240043925;0,771484375
1,240043925;0,908203125
1,234790396;1,057128906
1,234790396;1,179199219
1,234790396;1,242675781
1,230095512;1,279296875
1,230095512;1,30859375
1,218757337;1,318359375
1,218757337;1,333007813
1,197485491;1,340332031
1,197485491;1,364746094
1,169367543;1,376953125
1,169367543;1,401367188
1,14258573;1,416015625
1,14258573;1,450195313
1,14258573;1,469726563
1,125941976;1,477050781
1,125941976;1,489257813
1,123505821;1,496582031
1,123505821;1,501464844
1,13130037;1,508789063
1,13130037;1,508789063
1,555620147;1,513671875
1,555620147;1,274414063
1,555620147;0,949707031
1,547543805;0,771484375
1,547543805;0,681152344
1,515193147;0,632324219
1,515193147;0,634765625
1,458914031;0,64453125
1,458914031;0,681152344
1,390129092;0,72265625
1,390129092;0,778808594
1,327355022;0,852050781
1,327355022;0,922851563
1,327355022;0,998535156
1,288404462;1,037597656
1,288404462;1,088867188
1,282164139;1,130371094
1,282164139;1,154785156
1,30378185;1,171875
1,30378185;1,174316406
1,335743726;1,174316406
1,335743726;1,140136719
1,335743726;1,123046875
1,06746589;1,115722656
1,06746589;1,252441406
1,054243123;1,396484375
1,054243123;1,501464844
1,002237149;1,5625
1,002237149;1,613769531
0,920999288;1,640625
0,920999288;1,677246094
0,832769643;1,713867188
0,832769643;1,745605469
0,832769643;1,77734375
0,76345839;1,796875
0,76345839;1,813964844
0,731836829;1,833496094
0,731836829;1,850585938
0,741597508;1,857910156
0,741597508;1,860351563
0,779748876;1,865234375
0,779748876;1,850585938
0,779748876;1,857910156
0,822071635;1,853027344
0,822071635;1,843261719
0,709818996;1,8359375
0,709818996;1,853027344
0,694117644;1,862792969
0,694117644;1,870117188
0,641478051;1,879882813
0,641478051;1,889648438
0,567255809;1,899414063
0,567255809;1,909179688
0,567255809;1,921386719
0,495317588;1,928710938
0,495317588;1,93359375
0,447875083;1,943359375
0,447875083;1,950683594
0,436467507;1,960449219
0,436467507;1,962890625
0,457887207;1,967773438
0,457887207;1,960449219
0,457887207;1,960449219
0,496541241;1,962890625
0,496541241;1,955566406
0,531872929;1,955566406
0,531872929;1,950683594
0,758870199;1,948242188
0,758870199;1,909179688
0,748434173;1,896972656
0,748434173;1,89453125
0,718036716;1,887207031
0,718036716;1,889648438
0,718036716;1,892089844
0,681664412;1,892089844
0,681664412;1,896972656
0,65433198;1,901855469
0,65433198;1,906738281
0,645379062;1,909179688
0,645379062;1,911621094
0,655129927;1,9140625
0,655129927;1,911621094
0,655129927;1,911621094
0,67615139;1,9140625
0,67615139;1,911621094
0,698065676;1,906738281
0,698065676;1,896972656
0,713231503;1,896972656
0,713231503;1,896972656
0,563976291;1,896972656
0,563976291;1,9140625
0,567982739;1,923828125
0,567982739;1,93359375
0,567982739;1,93359375
0,576351448;1,93359375
0,576351448;1,936035156
0,594179238;1,936035156
0,594179238;1,926269531
0,620653029;1,931152344
0,620653029;1,926269531
0,648983771;1,928710938
0,648983771;1,918945313
0,648983771;1,918945313
0,669960739;1,918945313
0,669960739;1,911621094
0,677329868;1,909179688
0,677329868;1,906738281
0,67212193;1,911621094
0,67212193;1,909179688
0,663440887;1,906738281
0,663440887;1,906738281
0,783117684;1,909179688
0,783117684;1,887207031
0,783117684;1,877441406
0,806481878;1,872558594
0,806481878;1,865234375
0,855197523;1,862792969
0,855197523;1,848144531
0,921507569;1,838378906
0,921507569;1,818847656
0,988616812;1,799316406
0,988616812;1,767578125
0,988616812;1,748046875
1,037472029;1,735839844
1,037472029;1,706542969
1,055287322;1,694335938
1,055287322;1,6796875
1,041928922;1,665039063
1,041928922;1,665039063
1,011022422;1,662597656
1,011022422;1,677246094
0,984912843;1,682128906
0,984912843;1,694335938
0,984912843;1,696777344
0,973154003;1,69921875
0,973154003;1,708984375
1,011927824;1,713867188
1,011927824;1,701660156
1,08501581;1,696777344
1,08501581;1,662597656
1,173795008;1,635742188
1,173795008;1,569824219
1,173795008;1,533203125
1,252398908;1,50390625
1,252398908;1,435546875
1,29843123;1,389160156
1,29843123;1,325683594
1,302399823;1,281738281
1,302399823;1,25
1,271769659;1,23046875
1,271769659;1,242675781
1,227845688;1,247558594
1,227845688;1,276855469
1,227845688;1,30859375
1,196812397;1,323242188
1,196812397;1,350097656
1,447325735;1,369628906
1,447325735;1,218261719
1,488158152;1,052246094
1,488158152;0,920410156
1,557342849;0,834960938
1,557342849;0,727539063
1,557342849;0,661621094
1,632901365;0,627441406
1,632901365;0,544433594
1,690869259;0,505371094
1,690869259;0,446777344
1,715219416;0,4296875
1,715219416;0,397949219
1,703968267;0,400390625
1,703968267;0,397949219
1,669041203;0,397949219
1,669041203;0,424804688
1,669041203;0,434570313
1,630293791;0,432128906
1,630293791;0,451660156
1,606612588;0,463867188
1,606612588;0,483398438
1,190603246;0,490722656
1,190603246;0,749511719
1,21536086;1,008300781
1,21536086;1,181640625
1,21536086;1,271972656
1,251464906;1,315917969
1,251464906;1,323242188
1,283406033;1,328125
1,283406033;1,296386719
1,299270869;1,279296875
1,299270869;1,247558594
1,295505891;1,240234375
1,295505891;1,23046875
1,277254724;1,223144531
1,277254724;1,23046875
1,277254724;1,232910156
1,254536933;1,232910156
1,254536933;1,252441406
1,236515418;1,26953125
1,236515418;1,2890625
1,226877579;1,298828125
1,226877579;1,313476563
1,259468426;1,325683594
1,259468426;1,311035156
1,259468426;1,306152344
1,253418122;1,293945313
1,253418122;1,301269531
1,239132067;1,298828125
1,239132067;1,303710938
1,215158482;1,313476563
1,215158482;1,328125
1,186445708;1,337890625
1,186445708;1,3671875
1,161934525;1,38671875
1,161934525;1,416015625
1,161934525;1,433105469
1,149515575;1,440429688
1,149515575;1,462402344
1,151001092;1,467285156
1,151001092;1,474609375
1,15990748;1,477050781
1,15990748;1,474609375
1,163538975;1,472167969
1,163538975;1,469726563
1,163538975;1,472167969
1,208458486;1,472167969
1,208458486;1,442871094
1,168265943;1,42578125
1,168265943;1,440429688
1,106528666;1,447753906
1,106528666;1,469726563
1,0374724;1,506347656
1,0374724;1,54296875
0,980321684;1,586914063
0,980321684;1,625976563
0,980321684;1,657714844
0,950958547;1,6796875
0,950958547;1,704101563
0,954360257;1,708984375
0,954360257;1,71875
0,981417877;1,721191406
0,981417877;1,713867188
1,011915811;1,708984375
1,011915811;1,69921875
1,011915811;1,694335938
1,022702662;1,691894531
1,022702662;1,684570313
1,152661751;1,682128906
1,152661751;1,616210938
1,090048681;1,557617188
1,090048681;1,545410156
1,003953567;1,555175781
1,003953567;1,584472656
0,918858392;1,62109375
0,918858392;1,66015625
0,918858392;1,701660156
0,859603157;1,71875
0,859603157;1,750488281
0,840971853;1,767578125
0,840971853;1,787109375
0,861416117;1,794433594
0,861416117;1,791992188
0,903667011;1,796875
0,903667011;1,782226563
0,903667011;1,77734375
0,941998174;1,772460938
0,941998174;1,760253906
0,953011408;1,755371094
0,953011408;1,745605469
0,674025212;1,740722656
0,674025212;1,801757813
0,61262949;1,848144531
0,61262949;1,882324219
0,536446502;1,899414063
0,536446502;1,921386719
0,536446502;1,93359375
0,469951556;1,938476563
0,469951556;1,948242188
0,432897359;1,948242188
0,432897359;1,962890625
0,432478891;1,962890625
0,432478891;1,960449219
0,461190147;1,962890625
0,461190147;1,960449219
0,461190147;1,962890625
0,500992673;1,960449219
0,500992673;1,955566406
0,531638222;1,955566406
0,531638222;1,948242188
0,539288329;1,945800781
0,539288329;1,948242188
0,783941102;1,943359375
0,783941102;1,909179688
0,750051996;1,884765625
0,750051996;1,887207031
0,750051996;1,882324219
0,714989803;1,887207031
0,714989803;1,884765625
0,69264608;1,892089844
0,69264608;1,896972656
0,689765464;1,89453125
0,689765464;1,899414063
0,703978146;1,904296875
0,703978146;1,899414063
0,703978146;1,896972656
0,726345836;1,89453125
0,726345836;1,889648438
0,746764999;1,887207031
0,746764999;1,889648438
0,759300186;1,877441406
0,759300186;1,877441406
0,764749728;1,877441406
0,764749728;1,882324219
0,754495307;1,872558594
0,754495307;1,872558594
0,754495307;1,877441406
0,765428934;1,877441406
0,765428934;1,867675781
0,786280165;1,875
0,786280165;1,870117188
0,814244034;1,865234375
0,814244034;1,85546875
0,84128562;1,853027344
0,84128562;1,850585938
0,84128562;1,845703125
0,858513345;1,840820313
0,858513345;1,8359375
0,86155482;1,8359375
0,86155482;1,8359375
0,854014792;1,826171875
0,854014792;1,826171875
0,846929994;1,831054688
0,846929994;1,833496094
0,85409848;1,833496094
0,85409848;1,831054688
0,85409848;1,831054688
0,976022134;1,8359375
0,976022134;1,787109375
1,031413039;1,760253906
1,031413039;1,721191406
1,100009279;1,701660156
1,100009279;1,652832031
1,16346032;1,62109375
1,16346032;1,569824219
1,16346032;1,533203125
1,203738009;1,513671875
1,203738009;1,474609375
1,211423862;1,447753906
1,211423862;1,428222656
1,190740292;1,413574219
1,190740292;1,423339844
1,158751849;1,423339844
1,158751849;1,440429688
1,138717829;1,457519531
1,138717829;1,469726563
1,138717829;1,486816406
1,150267734;1,491699219
1,150267734;1,489257813
0,923034265;1,486816406
0,923034265;1,574707031
1,003385695;1,655273438
1,003385695;1,677246094
1,091865595;1,691894531
1,091865595;1,652832031
1,091865595;1,625976563
1,162494043;1,608886719
1,162494043;1,560058594
1,195981312;1,533203125
1,195981312;1,491699219
1,187882841;1,46484375
1,187882841;1,452636719
1,150522387;1,450195313
1,150522387;1,462402344
1,107818145;1,472167969
1,107818145;1,494140625
1,107818145;1,520996094
1,085233351;1,535644531
1,085233351;1,547851563
1,099182369;1,560058594
1,099182369;1,567382813
1,26471672;1,564941406
1,26471672;1,472167969
1,338462889;1,391601563
1,338462889;1,293945313
1,338462889;1,225585938
1,411018975;1,179199219
1,411018975;1,088867188
1,459886006;1,025390625
1,459886006;0,944824219
1,47292288;0,888671875
1,47292288;0,83984375
1,452690845;0,815429688
1,452690845;0,812988281
1,414366765;0,810546875
1,414366765;0,837402344
1,414366765;0,861816406
1,37848115;0,876464844
1,37848115;0,915527344
1,361930004;0,947265625
1,361930004;0,981445313
1,371269448;0,998535156
1,371269448;1,005859375
1,357486963;1,008300781
1,357486963;1,020507813
1,357486963;1,027832031
1,39393177;1,030273438
1,39393177;1,005859375
1,421919376;0,991210938
1,421919376;0,961914063
1,431757285;0,942382813
1,431757285;0,915527344
1,422717276;0,8984375
1,422717276;0,895996094
1,40197409;0,895996094
1,40197409;0,908203125
1,40197409;0,91796875
1,379900344;0,920410156
1,379900344;0,942382813
1,364358044;0,952148438
1,364358044;0,974121094
1,356940045;0,993652344
1,356940045;1,010742188
1,352952576;1,015625
1,352952576;1,025390625
1,352952576;1,037597656
1,251885694;1,040039063
1,251885694;1,076660156
1,234507013;1,157226563
1,234507013;1,23046875
1,208306839;1,26953125
1,208306839;1,306152344
1,17986313;1,333007813
1,17986313;1,364746094
1,158389501;1,389160156
1,158389501;1,416015625
1,158389501;1,430664063
1,150379772;1,450195313
1,150379772;1,457519531
1,155172753;1,462402344
1,155172753;1,459960938
1,163975469;1,467285156
1,163975469;1,462402344
1,163226885;1,46484375
1,163226885;1,46484375
1,163226885;1,457519531
1,140978023;1,46484375
1,140978023;1,467285156
1,005860984;1,474609375
1,005860984;1,5234375
0,940019719;1,584472656
0,940019719;1,645507813
0,8725302;1,684570313
0,8725302;1,71875
0,822526557;1,750488281
0,822526557;1,77734375
0,822526557;1,791992188
0,803234689;1,809082031
0,803234689;1,81640625
0,815415112;1,821289063
0,815415112;1,821289063
0,845984516;1,821289063
0,845984516;1,818847656
0,872805674;1,811523438
0,872805674;1,801757813
0,872805674;1,801757813
0,873843226;1,801757813
0,873843226;1,801757813
0,836794684;1,796875
0,836794684;1,806640625
1,201564426;1,809082031
1,201564426;1,701660156
1,112948292;1,564941406
1,112948292;1,513671875
1,033359725;1,518554688
1,033359725;1,550292969
1,033359725;1,586914063
0,985572943;1,613769531
0,985572943;1,638183594
0,979784339;1,669921875
0,979784339;1,674804688
1,009262906;1,684570313
1,009262906;1,677246094
1,053156574;1,677246094
1,053156574;1,657714844
1,053156574;1,643066406
1,085262828;1,640625
1,085262828;1,625976563
1,084982189;1,611328125
1,084982189;1,608886719
1,045752345;1,606445313
1,045752345;1,62109375
0,739820284;1,623535156
0,739820284;1,721191406
0,664014137;1,791992188
0,664014137;1,848144531
0,664014137;1,879882813
0,604845308;1,899414063
0,604845308;1,9140625
0,578859724;1,923828125
0,578859724;1,928710938
0,588705627;1,93359375
0,588705627;1,93359375
0,622979929;1,938476563
0,622979929;1,93359375
0,622979929;1,931152344
0,661996308;1,931152344
0,661996308;1,921386719
0,686639231;1,916503906
0,686639231;1,911621094
0,686274319;1,911621094
0,686274319;1,9140625
0,662344366;1,909179688
0,662344366;1,9140625
0,484174831;1,918945313
0,484174831;1,936035156
0,484174831;1,943359375
0,451750245;1,953125
0,451750245;1,962890625
0,435032623;1,962890625
0,435032623;1,967773438
0,437985918;1,97265625
0,437985918;1,967773438
0,455793957;1,975097656
0,455793957;1,965332031
0,455793957;1,965332031
0,47853448;1,965332031
0,47853448;1,965332031
0,496891103;1,960449219
0,496891103;1,960449219
0,506879711;1,962890625
0,506879711;1,958007813
0,511252493;1,953125
0,511252493;1,955566406
0,517065122;1,950683594
0,517065122;1,955566406
0,517065122;1,953125
0,933643309;1,950683594
0,933643309;1,896972656
0,957250588;1,833496094
0,957250588;1,789550781
0,985929403;1,767578125
0,985929403;1,748046875
1,010819885;1,735839844
1,010819885;1,721191406
1,010819885;1,706542969
1,023868165;1,706542969
1,023868165;1,696777344
1,022918693;1,694335938
1,022918693;1,687011719
1,014100868;1,691894531
1,014100868;1,687011719
1,009937683;1,687011719
1,009937683;1,691894531
1,023737885;1,691894531
1,023737885;1,689453125
1,023737885;1,684570313
1,062807629;1,684570313
1,062807629;1,665039063
0,855244769;1,650390625
0,855244769;1,694335938
0,924374798;1,743164063
0,924374798;1,755371094
0,982440331;1,762695313
0,982440331;1,745605469
0,982440331;1,735839844
1,013232622;1,733398438
1,013232622;1,721191406
1,011184683;1,706542969
1,011184683;1,704101563
0,984801581;1,701660156
0,984801581;1,713867188
0,953952919;1,711425781
0,953952919;1,726074219
0,941873045;1,733398438
0,941873045;1,740722656
0,941873045;1,740722656
0,965187235;1,745605469
0,965187235;1,740722656
1,026335851;1,73828125
1,026335851;1,708984375
0,97230522;1,696777344
0,97230522;1,708984375
1,058005313;1,721191406
1,058005313;1,689453125
1,058005313;1,669921875
1,118815674;1,662597656
1,118815674;1,62109375
1,139332972;1,591796875
1,139332972;1,567382813
1,12034435;1,560058594
1,12034435;1,557617188
1,078537855;1,557617188
1,078537855;1,569824219
1,039484334;1,58203125
1,039484334;1,604003906
1,039484334;1,616210938
1,026913411;1,625976563
1,026913411;1,635742188
1,052899259;1,645507813
1,052899259;1,640625
1,11313039;1,630859375
1,11313039;1,6015625
1,566403602;1,589355469
1,566403602;1,345214844
1,566403602;0,986328125
1,633810807;0,783691406
1,633810807;0,617675781
1,672423342;0,529785156
1,672423342;0,463867188
1,674399398;0,441894531
1,674399398;0,441894531
1,646642798;0,439453125
1,646642798;0,44921875
1,606885243;0,454101563
1,606885243;0,476074219
1,606885243;0,490722656
1,575471979;0,495605469
1,575471979;0,520019531
1,566668573;0,532226563
1,566668573;0,541992188
1,583292863;0,546875
1,583292863;0,546875
1,616763857;0,546875
1,616763857;0,515136719
1,616763857;0,502929688
1,255364115;0,502929688
1,255364115;0,708007813
1,278476749;0,927734375
1,278476749;1,071777344
1,282228825;1,147460938
1,282228825;1,186523438
1,268612153;1,2109375
1,268612153;1,23046875
1,246378079;1,245117188
1,246378079;1,267089844
1,246378079;1,284179688
1,225702771;1,291503906
1,225702771;1,313476563
1,21278674;1,325683594
1,21278674;1,340332031
1,207128408;1,354980469
1,207128408;1,362304688
1,202697455;1,3671875
1,202697455;1,374511719
1,202697455;1,379394531
1,192161046;1,381835938
1,192161046;1,384277344
1,20674853;1,396484375
1,20674853;1,394042969
1,178955099;1,394042969
1,178955099;1,40625
1,151671945;1,416015625
1,151671945;1,440429688
1,133869345;1,457519531
1,133869345;1,477050781
1,133869345;1,489257813
1,130215467;1,496582031
1,130215467;1,50390625
1,13747874;1,506347656
1,13747874;1,50390625
1,144877364;1,508789063
1,144877364;1,50390625
1,138596762;1,50390625
1,138596762;1,50390625
1,138596762;1,50390625
1,108538519;1,506347656
1,108538519;1,518554688
1,054057786;1,530761719
1,054057786;1,555175781
0,940119706;1,584472656
0,940119706;1,625976563
0,876028128;1,677246094
0,876028128;1,721191406
0,834442473;1,755371094
0,834442473;1,77734375
0,834442473;1,796875
0,825302762;1,809082031
0,825302762;1,809082031
0,84501792;1,81640625
0,84501792;1,813964844
0,87698608;1,813964844
0,87698608;1,801757813
0,898023131;1,796875
0,898023131;1,794433594
0,898023131;1,789550781
0,888131368;1,789550781
0,888131368;1,789550781
0,839390785;1,789550781
0,839390785;1,794433594
0,759969712;1,809082031
0,759969712;1,823730469
0,818429594;1,8359375
0,818429594;1,828613281
0,746522807;1,823730469
0,746522807;1,838378906
0,746522807;1,845703125
0,71117879;1,853027344
0,71117879;1,862792969
0,717590237;1,862792969
0,717590237;1,870117188
0,754111609;1,872558594
0,754111609;1,865234375
0,797146073;1,865234375
0,797146073;1,853027344
0,797146073;1,848144531
0,821061834;1,850585938
0,821061834;1,840820313
0,808863704;1,838378906
0,808863704;1,840820313
0,759054488;1,8359375
0,759054488;1,843261719
0,685832143;1,857910156
0,685832143;1,865234375
0,556562617;1,872558594
0,556562617;1,896972656
0,556562617;1,916503906
0,506295375;1,931152344
0,506295375;1,93359375
0,491623862;1,945800781
0,491623862;1,953125
0,510637509;1,953125
0,510637509;1,950683594
0,548590223;1,950683594
0,548590223;1,945800781
0,548590223;1,945800781
0,58499581;1,948242188
0,58499581;1,940917969
0,60262728;1,936035156
0,60262728;1,931152344
0,594395653;1,93359375
0,594395653;1,936035156
0,565268388;1,93359375
0,565268388;1,936035156
0,528781617;1,940917969
0,528781617;1,945800781
0,528781617;1,948242188
0,441184261;1,948242188
0,441184261;1,953125
0,430462581;1,958007813
0,430462581;1,962890625
0,438776981;1,970214844
0,438776981;1,965332031
0,459220757;1,967773438
0,459220757;1,962890625
0,459220757;1,965332031
0,481438047;1,965332031
0,481438047;1,960449219
0,49735373;1,958007813
0,49735373;1,960449219
0,505068531;1,955566406
0,505068531;1,955566406
0,509052408;1,953125
0,509052408;1,958007813
0,516764551;1,950683594
0,516764551;1,950683594
0,516764551;1,953125
0,533693151;1,953125
0,533693151;1,950683594
0,883628242;1,955566406
0,883628242;1,89453125
0,912166098;1,85546875
0,912166098;1,81640625
0,934123;1,806640625
0,934123;1,791992188
0,934123;1,784667969
0,942774434;1,77734375
0,942774434;1,770019531
0,938414059;1,772460938
0,938414059;1,767578125
0,929517104;1,765136719
0,929517104;1,767578125
0,929555859;1,767578125
0,929555859;1,770019531
0,95069758;1,770019531
0,95069758;1,767578125
0,95069758;1,762695313
0,997326419;1,755371094
0,997326419;1,740722656
1,062665702;1,726074219
1,062665702;1,687011719
0,966573933;1,657714844
0,966573933;1,665039063
1,017699186;1,687011719
1,017699186;1,682128906
1,017699186;1,6796875
1,038465906;1,6796875
1,038465906;1,667480469
1,027489681;1,665039063
1,027489681;1,665039063
0,997301927;1,667480469
0,997301927;1,6796875
0,969813633;1,684570313
0,969813633;1,694335938
0,967280253;1,701660156
0,967280253;1,704101563
0,967280253;1,706542969
1,002597078;1,708984375
1,002597078;1,696777344
1,073231563;1,696777344
1,073231563;1,66015625
1,161632775;1,643066406
1,161632775;1,58203125
1,189268571;1,54296875
1,189268571;1,50390625
1,189268571;1,474609375
1,238789267;1,462402344
1,238789267;1,416015625
1,246411434;1,389160156
1,246411434;1,3671875
1,218126458;1,354980469
1,218126458;1,364746094
1,174315853;1,3671875
1,174315853;1,389160156
1,141178081;1,411132813
1,141178081;1,442871094
1,141178081;1,467285156
1,139771468;1,474609375
1,139771468;1,486816406
1,177378853;1,494140625
1,177378853;1,474609375
1,244838538;1,467285156
1,244838538;1,418457031
1,320843805;1,384277344
1,320843805;1,303710938
1,320843805;1,240234375
1,432568368;1,208496094
1,432568368;1,09375
1,46018422;1,000976563
1,46018422;0,922851563
1,451766703;0,876464844
1,451766703;0,849609375
1,418184913;0,834960938
1,418184913;0,856933594
1,378938041;0,874023438
1,378938041;0,910644531
1,378938041;0,947265625
1,353354659;0,964355469
1,353354659;0,99609375
1,352558507;1,015625
1,352558507;1,032714844
1,375637276;1,037597656
1,375637276;1,030273438
1,411364554;1,020507813
1,411364554;0,988769531
1,411364554;0,964355469
1,444248064;0,949707031
1,444248064;0,910644531
1,6401329;0,883789063
1,6401329;0,698242188
1,638001284;0,554199219
1,638001284;0,500488281
1,620656636;0,485839844
1,620656636;0,483398438
1,597912287;0,480957031
1,597912287;0,502929688
1,597912287;0,510253906
1,579228532;0,510253906
1,579228532;0,524902344
1,568883382;0,534667969
1,568883382;0,544433594
1,564395634;0,546875
1,564395634;0,559082031
1,558807109;0,561523438
1,558807109;0,563964844
1,558807109;0,563964844
1,545398906;0,568847656
1,545398906;0,583496094
1,52216743;0,5859375
1,52216743;0,603027344
1,554905548;0,617675781
1,554905548;0,60546875
1,529652295;0,598144531
1,529652295;0,607910156
1,515979294;0,615234375
1,515979294;0,629882813
1,515979294;0,634765625
1,5163805;0,642089844
1,5163805;0,642089844
1,525084481;0,642089844
1,525084481;0,639648438
1,529752338;0,64453125
1,529752338;0,637207031
1,516963668;0,634765625
1,516963668;0,634765625
1,516963668;0,637207031
1,479023164;0,637207031
1,479023164;0,666503906
1,418740195;0,690917969
1,418740195;0,7421875
1,349575053;0,795898438
1,349575053;0,864257813
1,150613331;0,944824219
1,150613331;1,09375
1,118403294;1,240234375
1,118403294;1,362304688
1,118403294;1,442871094
1,11908049;1,484375
1,11908049;1,50390625
1,144749123;1,5234375
1,144749123;1,520996094
1,175901683;1,513671875
1,175901683;1,491699219
1,189240992;1,477050781
1,189240992;1,455078125
1,189240992;1,440429688
1,167658229;1,437988281
1,167658229;1,447753906
1,10800106;1,452636719
1,10800106;1,474609375
1,023081654;1,50390625
1,023081654;1,538085938
0,9368271;1,586914063
0,9368271;1,630859375
0,656293812;1,6796875
0,656293812;1,782226563
0,656293812;1,843261719
0,633888941;1,884765625
0,633888941;1,906738281
0,651388314;1,923828125
0,651388314;1,923828125
0,692698916;1,921386719
0,692698916;1,918945313
0,732427034;1,916503906
0,732427034;1,906738281
0,732427034;1,901855469
0,746531394;1,899414063
0,746531394;1,896972656
0,722276159;1,892089844
0,722276159;1,896972656
0,663246808;1,899414063
0,663246808;1,901855469
0,587392452;1,909179688
0,587392452;1,921386719
0,519113506;1,931152344
0,519113506;1,938476563
0,519113506;1,940917969
0,711130262;1,948242188
0,711130262;1,926269531
0,70758253;1,911621094
0,70758253;1,904296875
0,734348627;1,901855469
0,734348627;1,899414063
0,774020211;1,899414063
0,774020211;1,884765625
0,774020211;1,884765625
0,806172575;1,882324219
0,806172575;1,870117188
0,816123828;1,862792969
0,816123828;1,860351563
0,800510798;1,857910156
0,800510798;1,860351563
0,767488264;1,862792969
0,767488264;1,870117188
0,731903605;1,875
0,731903605;1,879882813
0,731903605;1,877441406
0,708036282;1,882324219
0,708036282;1,889648438
0,818073217;1,892089844
0,818073217;1,870117188
0,831075954;1,860351563
0,831075954;1,853027344
0,853155717;1,848144531
0,853155717;1,843261719
0,853155717;1,840820313
0,874074661;1,838378906
0,874074661;1,826171875
0,887372719;1,826171875
0,887372719;1,81640625
0,893252291;1,81640625
0,893252291;1,809082031
0,897573847;1,809082031
0,897573847;1,806640625
0,907720866;1,806640625
0,907720866;1,801757813
0,907720866;1,799316406
0,927714535;1,799316406
0,927714535;1,794433594
0,955321488;1,787109375
0,955321488;1,772460938
0,653429706;1,762695313
0,653429706;1,81640625
0,671797484;1,857910156
0,671797484;1,872558594
0,671797484;1,889648438
0,676070093;1,89453125
0,676070093;1,89453125
0,669105283;1,899414063
0,669105283;1,896972656
0,661420825;1,899414063
0,661420825;1,901855469
0,66683415;1,901855469
0,66683415;1,901855469
0,695748028;1,901855469
0,695748028;1,89453125
0,695748028;1,896972656
0,749297535;1,89453125
0,749297535;1,882324219
0,817405888;1,879882813
0,817405888;1,857910156
0,882101173;1,853027344
0,882101173;1,838378906
1,230341704;1,818847656
1,230341704;1,691894531
1,230341704;1,538085938
1,240942325;1,450195313
1,240942325;1,396484375
1,222228915;1,3671875
1,222228915;1,359863281
1,190327733;1,350097656
1,190327733;1,3671875
1,168328012;1,38671875
1,168328012;1,40625
1,176577705;1,423339844
1,176577705;1,430664063
1,176577705;1,435546875
1,223660379;1,437988281
1,223660379;1,40625
1,302108013;1,391601563
1,302108013;1,323242188
1,390931413;1,26953125
1,390931413;1,162109375
1,464076672;1,081542969
1,464076672;0,969238281
1,464076672;0,893554688
1,306468213;0,847167969
1,306468213;0,895996094
1,301767243;0,99609375
1,301767243;1,079101563
1,266132475;1,120605469
1,266132475;1,176757813
1,222819389;1,213378906
1,222819389;1,259765625
1,197606837;1,301269531
1,197606837;1,335449219
1,197606837;1,3671875
1,208057016;1,379394531
1,208057016;1,384277344
1,25640745;1,38671875
1,25640745;1,359863281
1,3290586;1,337890625
1,3290586;1,267089844
1,402714097;1,215820313
1,402714097;1,120605469
1,402714097;1,049804688
1,45435604;1,008300781
1,45435604;0,942382813
1,488012993;0,888671875
1,488012993;0,827636719
1,470247593;0,788574219
1,470247593;0,78125
1,432707573;0,78125
1,432707573;0,803222656
1,395816642;0,827636719
1,395816642;0,871582031
1,395816642;0,903320313
1,377118933;0,91796875
1,377118933;0,944824219
1,384232485;0,964355469
1,384232485;0,974121094
1,41268321;0,979003906
1,41268321;0,952148438
1,449181202;0,947265625
1,449181202;0,903320313
1,449181202;0,874023438
1,478420186;0,856933594
1,478420186;0,817871094
1,490023594;0,793457031
1,490023594;0,769042969
1,529667949;0,756835938
1,529667949;0,712890625
1,509544687;0,681152344
1,509544687;0,676269531
1,487200205;0,676269531
1,487200205;0,695800781
1,487200205;0,700683594
1,470914856;0,705566406
1,470914856;0,725097656
1,46289398;0,7421875
1,46289398;0,751953125
1,458898343;0,76171875
1,458898343;0,769042969
1,451497711;0,773925781
1,451497711;0,78125
1,451497711;0,793457031
1,435019566;0,798339844
1,435019566;0,817871094
1,409406276;0,822753906
1,409406276;0,852050781
1,380793078;0,871582031
1,380793078;0,903320313
1,466950626;0,932617188
1,466950626;0,881347656
1,457657127;0,83984375
1,457657127;0,817871094
1,457657127;0,805664063
1,461567896;0,798339844
1,461567896;0,795898438
1,470531844;0,795898438
1,470531844;0,788574219
1,471178167;0,786132813
1,471178167;0,786132813
1,451134483;0,783691406
1,451134483;0,793457031
1,451134483;0,798339844
1,405569711;0,805664063
1,405569711;0,834960938
1,340765009;0,866699219
1,340765009;0,915527344
1,272630926;0,988769531
1,272630926;1,052246094
1,220411737;1,125488281
1,220411737;1,201171875
1,16731417;1,262207031
1,16731417;1,323242188
1,16731417;1,374511719
1,177061093;1,40625
1,177061093;1,416015625
1,2068231;1,42578125
1,2068231;1,40625
1,234933646;1,403808594
1,234933646;1,376953125
1,23893677;1,362304688
1,23893677;1,350097656
1,23893677;1,350097656
1,205356645;1,342773438
1,205356645;1,357421875
1,136002357;1,364746094
1,136002357;1,394042969
1,047867672;1,437988281
1,047867672;1,484375
0,966448096;1,538085938
0,966448096;1,599121094
0,915215434;1,647949219
0,915215434;1,687011719
0,915215434;1,723632813
0,758948367;1,73828125
0,758948367;1,779785156
0,785998704;1,809082031
0,785998704;1,823730469
0,829673496;1,8359375
0,829673496;1,828613281
0,863800416;1,826171875
0,863800416;1,813964844
0,863800416;1,813964844
0,866879682;1,811523438
0,866879682;1,811523438
0,830913289;1,809082031
0,830913289;1,818847656
0,764380899;1,818847656
0,764380899;1,828613281
0,688225259;1,840820313
0,688225259;1,860351563
0,626755219;1,872558594
0,626755219;1,877441406
0,626755219;1,892089844
0,5975156;1,904296875
0,5975156;1,904296875
0,8490439;1,911621094
0,8490439;1,870117188
0,8818938;1,848144531
0,8818938;1,826171875
0,921332255;1,81640625
0,921332255;1,799316406
0,921332255;1,787109375
0,947833847;1,784667969
0,947833847;1,767578125
0,94979314;1,765136719
0,94979314;1,762695313
0,927588407;1,7578125
0,927588407;1,765136719
0,892096534;1,765136719
0,892096534;1,77734375
0,858779198;1,782226563
0,858779198;1,791992188
0,858779198;1,801757813
0,840380177;1,804199219
0,840380177;1,806640625
0,841680794;1,811523438
0,841680794;1,813964844
0,699227633;1,813964844
0,699227633;1,8359375
0,7219566;1,850585938
0,7219566;1,862792969
0,7219566;1,870117188
0,740958911;1,865234375
0,740958911;1,862792969
0,751665824;1,865234375
0,751665824;1,865234375
0,756282874;1,857910156
0,756282874;1,860351563
0,761661124;1,862792969
0,761661124;1,860351563
0,77463641;1,85546875
0,77463641;1,85546875
0,77463641;1,857910156
0,797483124;1,853027344
0,797483124;1,845703125
0,826040005;1,848144531
0,826040005;1,840820313
0,851639195;1,833496094
0,851639195;1,828613281
0,769227433;1,828613281
0,769227433;1,831054688
0,769227433;1,840820313
0,769385985;1,845703125
0,769385985;1,853027344
0,760820752;1,850585938
0,760820752;1,85546875
0,75567546;1,85546875
0,75567546;1,857910156
0,767468374;1,860351563
0,767468374;1,85546875
0,804274218;1,85546875
0,804274218;1,848144531
0,804274218;1,845703125
0,863789153;1,838378906
0,863789153;1,826171875
0,932950908;1,821289063
0,932950908;1,794433594
0,992747051;1,784667969
0,992747051;1,7578125
1,026362252;1,743164063
1,026362252;1,716308594
1,026362252;1,696777344
1,219755073;1,691894531
1,219755073;1,589355469
1,194840128;1,491699219
1,194840128;1,452636719
1,163430621;1,437988281
1,163430621;1,442871094
1,148866437;1,450195313
1,148866437;1,46484375
1,168724244;1,474609375
1,168724244;1,474609375
1,168724244;1,46484375
1,226864258;1,467285156
1,226864258;1,430664063
1,311123312;1,40625
1,311123312;1,328125
1,397881471;1,271972656
1,397881471;1,159667969
1,461707764;1,081542969
1,461707764;0,974121094
1,461707764;0,908203125
1,486000249;0,869140625
1,486000249;0,822753906
1,4021643;0,791015625
1,4021643;0,810546875
1,361400727;0,869140625
1,361400727;0,927734375
1,3210464;0,966796875
1,3210464;1,027832031
1,305434192;1,071777344
1,305434192;1,11328125
1,305434192;1,135253906
1,327951512;1,15234375
1,327951512;1,145019531
1,385742869;1,140136719
1,385742869;1,086425781
1,461359139;1,044921875
1,461359139;0,95703125
1,53046852;0,891113281
1,53046852;0,786132813
1,53046852;0,72265625
1,572149525;0,688476563
1,572149525;0,634765625
1,57728179;0,600585938
1,57728179;0,583496094
1,558154265;0,573730469
1,558154265;0,576171875
1,518609815;0,578613281
1,518609815;0,610351563
1,485747812;0,632324219
1,485747812;0,666503906
1,485747812;0,693359375
1,474655266;0,710449219
1,474655266;0,720214844
1,48924036;0,732421875
1,48924036;0,727539063
1,52178435;0,725097656
1,52178435;0,698242188
1,557587248;0,678710938
1,557587248;0,637207031
1,557587248;0,617675781
1,582194254;0,60546875
1,582194254;0,578613281
1,587701338;0,563964844
1,587701338;0,556640625
1,575330061;0,551757813
1,575330061;0,549316406
1,695894862;0,546875
1,695894862;0,461425781
1,674745322;0,419921875
1,674745322;0,4296875
1,674745322;0,427246094
1,661064665;0,432128906
1,661064665;0,439453125
1,654951748;0,441894531
1,654951748;0,441894531
1,650724399;0,441894531
1,650724399;0,446777344
1,640958454;0,444335938
1,640958454;0,451660156
1,640958454;0,458984375
1,621400562;0,456542969
1,621400562;0,466308594
1,593995788;0,471191406
1,593995788;0,498046875
1,566284705;0,510253906
1,566284705;0,532226563
1,54736203;0,539550781
1,54736203;0,561523438
1,526099827;0,573730469
1,526099827;0,590820313
1,526099827;0,603027344
1,532745001;0,610351563
1,532745001;0,612792969
1,540687303;0,610351563
1,540687303;0,607910156
1,536120039;0,60546875
1,536120039;0,607910156
1,508347976;0,607910156
1,508347976;0,622558594
1,508347976;0,637207031
1,455749823;0,646972656
1,455749823;0,68359375
1,387939879;0,727539063
1,387939879;0,791015625
1,322678082;0,861816406
1,322678082;0,9375
1,278538155;1,008300781
1,278538155;1,079101563
1,266470845;1,135253906
1,266470845;1,181640625
1,266470845;1,201171875
1,232577517;1,218261719
1,232577517;1,25
1,264365221;1,279296875
1,264365221;1,274414063
1,287286551;1,26953125
1,287286551;1,254882813
1,280661518;1,237792969
1,280661518;1,232910156
1,280661518;1,228027344
1,235251684;1,228027344
1,235251684;1,254882813
1,157819693;1,276855469
1,157819693;1,313476563
1,068903194;1,374511719
1,068903194;1,440429688
0,994560307;1,506347656
0,994560307;1,560058594
0,955535699;1,618652344
0,955535699;1,665039063
0,955535699;1,684570313
0,958504128;1,701660156
0,958504128;1,708984375
0,712228726;1,713867188
0,712228726;1,774902344
0,755768534;1,826171875
0,755768534;1,853027344
0,782242559;1,862792969
0,782242559;1,860351563
0,782242559;1,857910156
0,773535902;1,860351563
0,773535902;1,865234375
0,726671714;1,872558594
0,726671714;1,872558594
0,65463871;1,877441406
0,65463871;1,887207031
0,580502718;1,899414063
0,580502718;1,909179688
0,527512768;1,916503906
0,527512768;1,931152344
0,527512768;1,93359375
0,509561211;1,940917969
0,509561211;1,938476563
0,526049398;1,945800781
0,526049398;1,945800781
0,687190287;1,938476563
0,687190287;1,916503906
0,724531289;1,906738281
0,724531289;1,896972656
0,724531289;1,892089844
0,744280081;1,884765625
0,744280081;1,887207031
0,738293866;1,889648438
0,738293866;1,879882813
0,710546666;1,887207031
0,710546666;1,889648438
0,674068371;1,889648438
0,674068371;1,892089844
0,644234576;1,89453125
0,644234576;1,904296875
0,644234576;1,906738281
0,63175231;1,904296875
0,63175231;1,911621094
0,638573408;1,9140625
0,638573408;1,909179688
0,658355104;1,906738281
0,658355104;1,906738281
0,669314465;1,909179688
0,669314465;1,901855469
0,669314465;1,899414063
0,68596514;1,904296875
0,68596514;1,901855469
0,694300894;1,896972656
0,694300894;1,89453125
0,698323583;1,892089844
0,698323583;1,892089844
0,705424394;1,892089844
0,705424394;1,892089844
0,721452299;1,892089844
0,721452299;1,887207031
0,721452299;1,887207031
0,74675323;1,889648438
0,74675323;1,879882813
0,775423012;1,877441406
0,775423012;1,872558594
0,798304461;1,865234375
0,798304461;1,860351563
0,808239642;1,857910156
0,808239642;1,853027344
0,808239642;1,850585938
0,599294448;1,853027344
0,599294448;1,882324219
0,590290543;1,892089844
0,590290543;1,911621094
0,5889843;1,9140625
0,5889843;1,918945313
0,607939955;1,918945313
0,607939955;1,916503906
0,652428218;1,916503906
0,652428218;1,909179688
0,652428218;1,906738281
0,716666368;1,904296875
0,716666368;1,89453125
0,785064526;1,892089844
0,785064526;1,867675781
0,838349149;1,867675781
0,838349149;1,853027344
0,862055381;1,848144531
0,862055381;1,831054688
0,862055381;1,8359375
0,853561733;1,826171875
0,853561733;1,831054688
0,979566347;1,826171875
0,979566347;1,782226563
0,950878832;1,7578125
0,950878832;1,755371094
0,94543322;1,748046875
0,94543322;1,745605469
0,97727312;1,750488281
0,97727312;1,735839844
0,97727312;1,730957031
1,04531307;1,728515625
1,04531307;1,69921875
1,133129916;1,682128906
1,133129916;1,625976563
1,21539443;1,589355469
1,21539443;1,511230469
1,268315729;1,455078125
1,268315729;1,391601563
1,268315729;1,350097656
1,279639706;1,323242188
1,279639706;1,298828125
1,253864072;1,281738281
1,253864072;1,291503906
1,291721871;1,296386719
1,291721871;1,267089844
1,256649065;1,257324219
1,256649065;1,271972656
1,251913181;1,276855469
1,251913181;1,286621094
1,251913181;1,296386719
1,286221423;1,291503906
1,286221423;1,276855469
1,35178429;1,267089844
1,35178429;1,203613281
1,428041363;1,15234375
1,428041363;1,057128906
1,490609659;0,988769531
1,490609659;0,893554688
1,490609659;0,825195313
1,521465206;0,786132813
1,521465206;0,737304688
1,515969565;0,703125
1,515969565;0,68359375
1,483890526;0,676269531
1,483890526;0,698242188
1,59422434;0,715332031
1,59422434;0,632324219
1,566827762;0,573730469
1,566827762;0,568847656
1,566827762;0,568847656
1,563704326;0,56640625
1,563704326;0,56640625
1,585012879;0,568847656
1,585012879;0,554199219
1,620238063;0,546875
1,620238063;0,517578125
1,653963579;0,500488281
1,653963579;0,473632813
1,653963579;0,463867188
1,673189554;0,456542969
1,673189554;0,441894531
1,672728566;0,439453125
1,672728566;0,441894531
1,656370592;0,437011719
1,656370592;0,441894531
1,633676489;0,446777344
1,633676489;0,456542969
1,396101262;0,461425781
1,396101262;0,581054688
1,396101262;0,715332031
1,385027928;0,815429688
1,385027928;0,874023438
1,380267458;0,908203125
1,380267458;0,9375
1,375085415;0,949707031
1,375085415;0,961914063
1,362538301;0,971679688
1,362538301;0,991210938
1,362538301;1,003417969
1,340084762;1,008300781
1,340084762;1,032714844
1,311615457;1,057128906
1,311615457;1,088867188
1,28568745;1,110839844
1,28568745;1,145019531
1,270781564;1,176757813
1,270781564;1,201171875
1,270052499;1,218261719
1,270052499;1,225585938
1,270052499;1,232910156
1,423308992;1,237792969
1,423308992;1,123046875
1,42890429;1,020507813
1,42890429;0,954589844
1,418090592;0,920410156
1,418090592;0,908203125
1,382423804;0,893554688
1,382423804;0,91796875
1,382423804;0,935058594
1,323703089;0,949707031
1,323703089;0,986328125
1,254583037;1,037597656
1,254583037;1,103515625
1,193972315;1,174316406
1,193972315;1,240234375
1,15896569;1,306152344
1,15896569;1,364746094
1,156855416;1,40625
1,156855416;1,423339844
1,156855416;1,435546875
1,180978222;1,450195313
1,180978222;1,440429688
1,282355671;1,437988281
1,282355671;1,362304688
1,298109231;1,301269531
1,298109231;1,262207031
1,279968482;1,237792969
1,279968482;1,228027344
1,279968482;1,223144531
1,22337002;1,225585938
1,22337002;1,25
1,139818836;1,286621094
1,139818836;1,325683594
1,052608279;1,403808594
1,052608279;1,467285156
0,987323593;1,533203125
0,987323593;1,577148438
0,961144984;1,630859375
0,961144984;1,667480469
0,961144984;1,682128906
0,975569853;1,696777344
0,975569853;1,694335938
1,015735659;1,704101563
1,015735659;1,687011719
0,979856514;1,677246094
0,979856514;1,687011719
0,996949669;1,694335938
0,996949669;1,687011719
0,996949669;1,691894531
0,976176097;1,684570313
0,976176097;1,691894531
0,919657944;1,696777344
0,919657944;1,716308594
0,844328773;1,71875
0,844328773;1,740722656
0,774431019;1,772460938
0,774431019;1,796875
0,731242461;1,81640625
0,731242461;1,840820313
0,731242461;1,845703125
0,724514048;1,857910156
0,724514048;1,857910156
0,74919422;1,860351563
0,74919422;1,857910156
0,788570239;1,857910156
0,788570239;1,848144531
0,864650594;1,840820313
0,864650594;1,818847656
0,864650594;1,81640625
0,876876778;1,813964844
0,876876778;1,804199219
0,863335417;1,801757813
0,863335417;1,806640625
0,831299766;1,804199219
0,831299766;1,811523438
0,795307781;1,81640625
0,795307781;1,823730469
0,769976875;1,8359375
0,769976875;1,8359375
0,769976875;1,840820313
0,763587802;1,840820313
0,763587802;1,845703125
0,775310512;1,848144531
0,775310512;1,840820313
0,797019062;1,840820313
0,797019062;1,8359375
0,818385637;1,840820313
0,818385637;1,828613281
0,818385637;1,826171875
0,785356427;1,823730469
0,785356427;1,8359375
0,791714428;1,8359375
0,791714428;1,831054688
0,795862845;1,838378906
0,795862845;1,833496094
0,805256505;1,8359375
0,805256505;1,833496094
0,824374742;1,831054688
0,824374742;1,828613281
0,824374742;1,828613281
0,851561994;1,826171875
0,851561994;1,813964844
0,879459193;1,813964844
0,879459193;1,806640625
0,898925918;1,806640625
0,898925918;1,794433594
0,904451925;1,787109375
0,904451925;1,791992188
0,904451925;1,787109375
0,898146999;1,784667969
0,898146999;1,782226563
0,907565027;1,784667969
0,907565027;1,782226563
0,911308033;1,779785156
0,911308033;1,779785156
0,937941813;1,77734375
0,937941813;1,767578125
0,989569422;1,765136719
0,989569422;1,743164063
0,989569422;1,730957031
1,057045211;1,721191406
1,057045211;1,689453125
1,122836002;1,669921875
1,122836002;1,616210938
1,168220202;1,584472656
1,168220202;1,545410156
1,181758702;1,516113281
1,181758702;1,491699219
1,181758702;1,474609375
1,165144919;1,46484375
1,165144919;1,46484375
1,133516957;1,467285156
1,133516957;1,484375
0,748404002;1,496582031
0,748404002;1,645507813
0,753423101;1,767578125
0,753423101;1,833496094
0,797146587;1,860351563
0,797146587;1,872558594
0,797146587;1,867675781
0,873521642;1,865234375
0,873521642;1,843261719
0,962478782;1,828613281
0,962478782;1,787109375
1,037977512;1,762695313
1,037977512;1,721191406
1,07882298;1,689453125
1,07882298;1,655273438
1,07882298;1,638183594
1,077607752;1,623535156
1,077607752;1,616210938
1,043885967;1,608886719
1,043885967;1,62109375
1,00017159;1,630859375
1,00017159;1,650390625
1,405941882;1,662597656
1,405941882;1,494140625
1,412910935;1,257324219
1,412910935;1,115722656
1,412910935;1,032714844
1,458262641;0,983886719
1,458262641;0,913085938
1,529631011;0,869140625
1,529631011;0,773925781
1,604200716;0,712890625
1,604200716;0,612792969
1,658510824;0,556640625
1,658510824;0,490722656
1,658510824;0,466308594
1,678105143;0,454101563
1,678105143;0,439453125
1,662922211;0,437011719
1,662922211;0,439453125
1,626331041;0,437011719
1,626331041;0,461425781
1,588575858;0,46875
1,588575858;0,500488281
1,387270343;0,512695313
1,387270343;0,620117188
1,387270343;0,7421875
1,392120967;0,847167969
1,392120967;0,900878906
1,419138179;0,922851563
1,419138179;0,913085938
1,455565712;0,905761719
1,455565712;0,876464844
1,48597283;0,847167969
1,48597283;0,808105469
1,48597283;0,778808594
1,499330254;0,764160156
1,499330254;0,744628906
1,493275712;0,727539063
1,493275712;0,72265625
1,473856558;0,715332031
1,473856558;0,732421875
1,451308422;0,744628906
1,451308422;0,764160156
1,434297387;0,78125
1,434297387;0,810546875
1,434297387;0,8203125
1,3948061;0,827636719
1,3948061;0,859375
1,390741144;0,893554688
1,390741144;0,91796875
1,383928104;0,930175781
1,383928104;0,944824219
1,368349634;0,954589844
1,368349634;0,974121094
1,368349634;0,988769531
1,343373046;0,99609375
1,343373046;1,020507813
1,314665375;1,040039063
1,314665375;1,071777344
1,291343527;1,103515625
1,291343527;1,142578125
1,28076778;1,162109375
1,28076778;1,181640625
1,283730994;1,201171875
1,283730994;1,203613281
1,283730994;1,2109375
1,29274806;1,2109375
1,29274806;1,206054688
1,095624251;1,206054688
1,095624251;1,298828125
1,077745732;1,401367188
1,077745732;1,484375
1,034345411;1,533203125
1,034345411;1,574707031
1,034345411;1,606445313
0,970705132;1,618652344
0,970705132;1,643066406
0,902081785;1,669921875
0,902081785;1,69921875
0,847761031;1,735839844
0,847761031;1,7578125
0,822592633;1,77734375
0,822592633;1,794433594
0,829810187;1,804199219
0,829810187;1,813964844
0,829810187;1,809082031
0,858590441;1,811523438
0,858590441;1,804199219
0,887809281;1,799316406
0,887809281;1,791992188
1,218783209;1,787109375
1,218783209;1,667480469
1,1886856;1,530761719
1,1886856;1,467285156
1,1886856;1,437988281
1,121992978;1,420898438
1,121992978;1,437988281
1,034544946;1,477050781
1,034544946;1,518554688
0,951483406;1,569824219
0,951483406;1,613769531
0,896898161;1,667480469
0,896898161;1,706542969
0,883708947;1,735839844
0,883708947;1,755371094
0,883708947;1,760253906
0,908170828;1,767578125
0,908170828;1,765136719
0,951415991;1,762695313
0,951415991;1,745605469
0,987390569;1,740722656
0,987390569;1,728515625
0,881526022;1,721191406
0,881526022;1,726074219
0,881526022;1,748046875
0,848891699;1,762695313
0,848891699;1,77734375
0,784339819;1,784667969
0,784339819;1,791992188
0,708030406;1,813964844
0,708030406;1,833496094
0,644400053;1,850585938
0,644400053;1,865234375
0,611937752;1,882324219
0,611937752;1,89453125
0,611937752;1,906738281
0,61594212;1,906738281
0,61594212;1,904296875
0,647211771;1,911621094
0,647211771;1,901855469
0,686915086;1,896972656
0,686915086;1,892089844
0,715182464;1,889648438
0,715182464;1,884765625
0,715182464;1,882324219
0,808837912;1,882324219
0,808837912;1,857910156
0,788446962;1,850585938
0,788446962;1,850585938
0,753519665;1,85546875
0,753519665;1,857910156
0,719412137;1,862792969
0,719412137;1,867675781
0,699369472;1,872558594
0,699369472;1,877441406
0,699369472;1,877441406
0,698982908;1,879882813
0,698982908;1,882324219
0,7148181;1,882324219
0,7148181;1,875
0,737457597;1,879882813
0,737457597;1,872558594
0,757068923;1,870117188
0,757068923;1,865234375
0,757068923;1,862792969
0,768512764;1,862792969
0,768512764;1,860351563
0,780615564;1,862792969
0,780615564;1,85546875
0,78561569;1,85546875
0,78561569;1,853027344
0,797739923;1,853027344
0,797739923;1,850585938
0,819792428;1,850585938
0,819792428;1,843261719
0,819792428;1,833496094
0,848156716;1,840820313
0,848156716;1,833496094
0,874396156;1,828613281
0,874396156;1,81640625
0,889908867;1,813964844
0,889908867;1,809082031
0,891218461;1,804199219
0,891218461;1,796875
0,891218461;1,801757813
0,883003807;1,799316406
0,883003807;1,801757813
0,876986097;1,804199219
0,876986097;1,809082031
0,645590674;1,804199219
0,645590674;1,838378906
0,680115029;1,867675781
0,680115029;1,872558594
0,738016169;1,882324219
0,738016169;1,872558594
0,738016169;1,870117188
0,807056414;1,870117188
0,807056414;1,85546875
0,868447144;1,848144531
0,868447144;1,828613281
0,90483031;1,821289063
0,90483031;1,806640625
0,908354823;1,799316406
0,908354823;1,794433594
0,908354823;1,794433594
0,885061812;1,791992188
0,885061812;1,799316406
0,853279554;1,799316406
0,853279554;1,809082031
0,836373025;1,813964844
0,836373025;1,821289063
1,211345604;1,821289063
1,211345604;1,706542969
1,266379443;1,560058594
1,266379443;1,452636719
1,266379443;1,381835938
1,349175899;1,337890625
1,349175899;1,252441406
1,436787337;1,184082031
1,436787337;1,071777344
1,503495808;0,981445313
1,503495808;0,869140625
1,531557515;0,791015625
1,531557515;0,725097656
1,531557515;0,686035156
1,518715422;0,661621094
1,518715422;0,659179688
1,479197677;0,654296875
1,479197677;0,686035156
1,437738415;0,712890625
1,437738415;0,754394531
1,419192507;0,795898438
1,419192507;0,830078125
